Workbook

Sheet Inicio
A1: Cuaderno de registros · Sesión 7 · Cierre de la intervención y aplicación del postest
A2: Seminario de Tesis III · 2026-II · Programa Académico de Ingeniería de Sistemas e Informática · Universidad de Huánuco
A4: Datos de la tesis (complete las celdas amarillas)
B5: Título de la tesis | C5: Aplicación multiplataforma de búsqueda semántica conversacional y su influencia en la experiencia de los lectores de Tu Diario Huánuco, 2026
B6: Tesista | C6: Trujillo Ávila, Marcel Alexander Javier; Godoy Condezo, Alejandro Jeanpier
B7: Asesor(a) de tesis | C7: Rodríguez Meléndez, Fabio
B8: Institución donde se ejecuta | C8: Imprenta Editorial LS & JB S.A.C. (Tu Diario Huánuco), Huánuco
B9: Diseño de investigación | C9: Preexperimental (G: O₁ X O₂)
B10: Variable dependiente e indicador | C10: Experiencia de los lectores: usabilidad percibida (puntaje SUS); se registran además tiempo de búsqueda, clics y satisfacción (hoja 6b). El puntaje SUS del postest en la hoja 6 es simulado; no es O2 de campo.
B11: Unidad de medida de la VD | C11: Puntos SUS (0 a 100)
B12: Instrumento de medición y versión | C12: Cuestionario SUS, cuestionario de satisfacción y ficha de tiempos y clics (versión validada, octubre 2026)
A14: Parámetros del protocolo
B15: Umbral mínimo de adherencia | C15: 0.8
B16: Umbral mínimo de fidelidad | C16: 0.8
B17: Ventana del postest (días hábiles tras el cierre) | C17: 5
B18: Rango válido de la VD: valor mínimo | C18: 0
B19: Rango válido de la VD: valor máximo | C19: 100
B20: Fecha de inicio prevista del postest | C20: 46321
B21: Fecha de fin prevista del postest | C21: 46326
B22: Los umbrales provienen del protocolo de ejecución de la tesis (Sesión 01): uso libre durante 7 días con al menos 3 días con sesiones de consulta.
A24: Leyenda
B25: Celda amarilla con texto azul | C25: Dato que completa el tesista.
B26: Texto negro sobre fondo blanco | C26: Fórmula: no editar (se recalcula sola).
B27: Texto verde | C27: Enlace a otra hoja del cuaderno.
B28: Registros del grupo único (G): 114 lectores con pretest, códigos GU-TDH-###. Solo códigos: nunca nombres ni DNI. Datos simulados por indicación de la docente del curso (ejercicio de Seminario de Tesis III).
A30: Hojas del cuaderno y paso del protocolo al que corresponden
B31: Hoja | C31: Paso | D31: Qué registra o calcula
B32: 1_Periodo | C32: Paso 1 | D32: Programado frente a ejecutado; adherencia acumulada y semanal (con gráfico); fidelidad; decisión de cierre.
B33: 2_Participantes | C33: Pasos 2 y 5 | D33: Registro de control de participantes: pretest, estado al cierre, convocatoria, confirmación y postest por código.
B34: 3_Mortalidad | C34: Paso 5 | D34: Mortalidad experimental por grupo, pérdida total, diferencial GE–GC, motivos y flujo de participantes (con gráfico).
B35: 4_Equivalencia | C35: Paso 3 | D35: Lista de cotejo de equivalencia de condiciones pretest–postest (12 condiciones).
B36: 5_Incidencias | C36: Paso 5 | D36: Registro de incidencias del cierre y del postest, con resumen por tipo y estado.
B37: 6_Base_Postest | C37: Paso 6 | D37: Base consolidada pretest–postest por código, verificación de correspondencia, calidad y descriptivos.
B38: 7_ListaCotejo | C38: Paso 4 | D38: Lista de cotejo de aplicación del postest (12 ítems) con resultado automático.
B39: 8_Acta | C39: Paso 6 | D39: Acta de cierre de la intervención, con los datos calculados en las demás hojas.
B40: Diccionario | C40: Paso 6 | D40: Diccionario de variables de la base consolidada.

Sheet 1_Periodo
A1: Paso 1 · Verificación del cumplimiento del periodo de intervención
A2: Compare lo programado en el protocolo con lo ejecutado según la bitácora y los registros de uso. Celdas amarillas: datos de su tesis.
A4: Periodo y dosis: programado frente a ejecutado
B5: Parámetro | C5: Programado | D5: Ejecutado | E5: Cumple | F5: Fuente de verificación
B6: Fecha de inicio | C6: 46314 | D6: 46314 | E6: =IF(D6="","",IF(D6<=C6,"Sí","No")) | F6: Acta de inicio (18/10/2026)
B7: Fecha de cierre | C7: 46320 | D7: 46320 | E7: =IF(D7="","",IF(D7>=C7,"Sí","No")) | F7: Acta de cierre (25/10/2026)
B8: Semanas de intervención | C8: =IF(OR(C6="",C7=""),"",ROUNDUP((C7-C6+1)/7,0)) | D8: =IF(OR(D6="",D7=""),"",ROUNDUP((D7-D6+1)/7,0)) | E8: =IF(D8="","",IF(D8>=C8,"Sí","No")) | F8: Protocolo (Sesión 01, hoja 3, actividad 11) y telemetría
B9: Usuarios de la solución (n) | C9: 108 | D9: =C9 | E9: — | F9: Libro de códigos: 108 lectores válidos tras el pretest
B10: Días de uso por semana (mínimo con sesión de consulta) | C10: 3 | D10: =IF(OR(D11="",D9=0,D8=""),"",D11/D9/D8) | E10: =IF(D10="","",IF(D10>=C10,"Sí","Parcial")) | F10: Frecuencia = días-usuario con uso efectivo (máx. 3 por lector) ÷ usuarios ÷ semanas
B11: Días-usuario | C11: =IF(OR(C8="",C9="",C10=""),"",C8*C9*C10) | D11: =IF(COUNT(D18:D25)=0,"",SUM(D18:D25)) | E11: — | F11: Programados = semanas × usuarios × días; ejecutados = suma de la tabla semanal
B12: Intensidad: % de lectores con al menos 3 sesiones de consulta | C12: 1 | D12: 0.97222222 | E12: =IF(D12="","",IF(D12>=C12,"Sí","Parcial")) | F12: Telemetría de la aplicación (sesiones por código)
B13: Adherencia acumulada | C13: =Inicio!C15 | D13: =IF(OR(D11="",C11="",C11=0),"",D11/C11) | E13: =IF(D13="","",IF(D13>=C13,"Sí","No")) | F13: Adherencia = días-usuario con uso efectivo ÷ programados × 100
B14: El umbral de adherencia se toma de la hoja Inicio (parámetros del protocolo).
A16: Adherencia semanal (días-usuario)
B17: Semana | C17: Programados | D17: Con uso efectivo | E17: Adherencia | F17: Observación de la bitácora
B18: Semana 1 | C18: =IF(D18="","",$C$9*$C$10) | D18: 315 | E18: =IF(OR(D18="",C18=""),"",D18/C18) | F18: Intervención de 7 días (19/10 al 25/10). 105 de 108 cumplieron 3 sesiones: 315 días-usuario. No es el conteo de filas del log. Tres retiros sin postest: GU-TDH-015, GU-TDH-033 y GU-TDH-053.
B19: Semana 2 | C19: =IF(D19="","",$C$9*$C$10) | E19: =IF(OR(D19="",C19=""),"",D19/C19)
B20: Semana 3 | C20: =IF(D20="","",$C$9*$C$10) | E20: =IF(OR(D20="",C20=""),"",D20/C20)
B21: Semana 4 | C21: =IF(D21="","",$C$9*$C$10) | E21: =IF(OR(D21="",C21=""),"",D21/C21)
B22: Semana 5 | C22: =IF(D22="","",$C$9*$C$10) | E22: =IF(OR(D22="",C22=""),"",D22/C22)
B23: Semana 6 | C23: =IF(D23="","",$C$9*$C$10) | E23: =IF(OR(D23="",C23=""),"",D23/C23)
B24: Semana 7 | C24: =IF(D24="","",$C$9*$C$10) | E24: =IF(OR(D24="",C24=""),"",D24/C24)
B25: Semana 8 | C25: =IF(D25="","",$C$9*$C$10) | E25: =IF(OR(D25="",C25=""),"",D25/C25)
B26: La intervención dura 7 días (una semana). Programados = 108 usuarios × 3 días con uso efectivo.
A28: Fidelidad de implementación
B29: Componente del protocolo | C29: ¿Se cumple? | D29: Evidencia
B30: Guía rápida de uso disponible para todos los lectores al iniciar | C30: Sí | D30: Guía dentro de la aplicación y mensaje de bienvenida (18/10/2026)
B31: Uso con la frecuencia programada (≥ 3 días) | C31: Sí | D31: Telemetría: sesiones por código y por día
B32: Uso con la intensidad programada (consultas al asistente) | C32: Sí | D32: Telemetría: consultas registradas por sesión
B33: Soporte técnico disponible y registrado (WhatsApp) | C33: Sí | D33: Bitácora de soporte (Formato 7)
B34: Registros de uso e incidencias al día | C34: Sí | D34: Bitácora y registro de incidencias
B35: Versión congelada sin cambios durante la intervención (v1.0.0-frozen-2026-10-18) | C35: Sí | D35: Tag de referencia v1.0.0-frozen-2026-10-18, congelada el 18/10/2026.
B36: Noticias de las tareas del postest disponibles y sin modificar | C36: Sí | D36: Copia de las cuatro noticias y sus enlaces
B38: Fidelidad de implementación | C38: =IF(COUNTA(B30:B36)=0,"",COUNTIF(C30:C36,"Sí")/COUNTA(B30:B36))
B39: Umbral mínimo de fidelidad | C39: =Inicio!C16
B40: Cumple | C40: =IF(C38="","",IF(C38>=C39,"Sí","No"))
A42: Decisión de cierre
B43: ¿Se cumplió el periodo programado? | C43: =IF(E7="","",E7)
B44: ¿Adherencia ≥ umbral? | C44: =IF(E13="","",E13)
B45: ¿Fidelidad ≥ umbral? | C45: =IF(C40="","",C40)
B46: Decisión | C46: =IF(OR(C43="",C44="",C45=""),"Complete los datos",IF(C43="No","No medir todavía: completar el periodo o documentar la fuerza mayor con el asesor",IF(AND(C44="Sí",C45="Sí"),"Cerrar la intervención y aplicar el postest dentro de la ventana","Registrar la desviación y decidir con el asesor (prórroga documentada o cierre con limitación declarada)")))
B47: El postest nunca se adelanta para cumplir el cronograma del curso: se adelanta la gestión, no la medición.

Sheet 2_Participantes
A1: Pasos 2 y 5 · Registro de control de participantes
A2: Un participante por fila, solo códigos. Estado al cierre: Activo / Retirado / Excluido. Confirmación: Confirmado / Reprogramado / Pérdida muestral.
A3: Registrados | B3: =COUNTA(A6:A305) | C3: Con pretest | D3: =COUNTIF(C6:C305,"Sí") | E3: Con postest | F3: =COUNTIF(K6:K305,"Sí") | G3: Pares analizados | H3: =SUM(M6:M305) | I3: Retirados | J3: =COUNTIF(F6:F305,"Retirado") | K3: Excluidos | L3: =COUNTIF(F6:F305,"Excluido")
A5: Código | B5: Grupo | C5: Pretest rendido | D5: Fecha del pretest | E5: Adherencia individual (%) | F5: Estado al cierre | G5: Fecha de retiro o exclusión | H5: Motivo | I5: Convocatoria (fecha) | J5: Confirmación | K5: Postest rendido | L5: Fecha del postest | M5: Par pretest–postest | N5: Observaciones
A6: GU-TDH-002 | B6: G | C6: Sí | D6: 46308 | E6: 100 | F6: Activo | I6: 46320 | J6: Confirmado | K6: Sí | L6: 46322 | M6: =IF(A6="","",IF(AND(C6="Sí",K6="Sí",F6<>"Excluido"),1,0))
A7: GU-TDH-003 | B7: G | C7: Sí | D7: 46307 | E7: 100 | F7: Activo | I7: 46320 | J7: Confirmado | K7: Sí | L7: 46321 | M7: =IF(A7="","",IF(AND(C7="Sí",K7="Sí",F7<>"Excluido"),1,0))
A8: GU-TDH-004 | B8: G | C8: Sí | D8: 46307 | E8: 100 | F8: Activo | I8: 46320 | J8: Confirmado | K8: Sí | L8: 46321 | M8: =IF(A8="","",IF(AND(C8="Sí",K8="Sí",F8<>"Excluido"),1,0))
A9: GU-TDH-006 | B9: G | C9: Sí | D9: 46310 | E9: 100 | F9: Activo | I9: 46320 | J9: Confirmado | K9: Sí | L9: 46324 | M9: =IF(A9="","",IF(AND(C9="Sí",K9="Sí",F9<>"Excluido"),1,0)) | N9: Usó la aplicación 0 día(s); no respondió a tres recordatorios ni a la reprogramación de 72 h.
A10: GU-TDH-007 | B10: G | C10: Sí | D10: 46307 | E10: 100 | F10: Activo | I10: 46320 | J10: Confirmado | K10: Sí | L10: 46321 | M10: =IF(A10="","",IF(AND(C10="Sí",K10="Sí",F10<>"Excluido"),1,0))
A11: GU-TDH-008 | B11: G | C11: Sí | D11: 46308 | E11: 100 | F11: Activo | I11: 46320 | J11: Confirmado | K11: Sí | L11: 46322 | M11: =IF(A11="","",IF(AND(C11="Sí",K11="Sí",F11<>"Excluido"),1,0))
A12: GU-TDH-009 | B12: G | C12: Sí | D12: 46310 | E12: 100 | F12: Activo | I12: 46320 | J12: Confirmado | K12: Sí | L12: 46324 | M12: =IF(A12="","",IF(AND(C12="Sí",K12="Sí",F12<>"Excluido"),1,0)) | N12: Reprogramado dentro de la ventana, en la misma franja horaria.
A13: GU-TDH-010 | B13: G | C13: Sí | D13: 46307 | E13: 100 | F13: Activo | I13: 46320 | J13: Confirmado | K13: Sí | L13: 46321 | M13: =IF(A13="","",IF(AND(C13="Sí",K13="Sí",F13<>"Excluido"),1,0))
A14: GU-TDH-011 | B14: G | C14: Sí | D14: 46308 | E14: 67 | F14: Activo | I14: 46320 | J14: Confirmado | K14: Sí | L14: 46322 | M14: =IF(A14="","",IF(AND(C14="Sí",K14="Sí",F14<>"Excluido"),1,0))
A15: GU-TDH-012 | B15: G | C15: Sí | D15: 46308 | E15: 100 | F15: Activo | I15: 46320 | J15: Confirmado | K15: Sí | L15: 46322 | M15: =IF(A15="","",IF(AND(C15="Sí",K15="Sí",F15<>"Excluido"),1,0))
A16: GU-TDH-014 | B16: G | C16: Sí | D16: 46307 | E16: 100 | F16: Activo | I16: 46320 | J16: Confirmado | K16: Sí | L16: 46321 | M16: =IF(A16="","",IF(AND(C16="Sí",K16="Sí",F16<>"Excluido"),1,0))
A17: GU-TDH-015 | B17: G | C17: Sí | D17: 46310 | E17: 0 | F17: Retirado | G17: 46316 | H17: Inasistencia fuera de la ventana | I17: 46320 | J17: Pérdida muestral | K17: No | M17: =IF(A17="","",IF(AND(C17="Sí",K17="Sí",F17<>"Excluido"),1,0))
A18: GU-TDH-016 | B18: G | C18: Sí | D18: 46308 | E18: 100 | F18: Activo | I18: 46320 | J18: Confirmado | K18: Sí | L18: 46322 | M18: =IF(A18="","",IF(AND(C18="Sí",K18="Sí",F18<>"Excluido"),1,0))
A19: GU-TDH-017 | B19: G | C19: Sí | D19: 46308 | E19: 100 | F19: Activo | I19: 46320 | J19: Confirmado | K19: Sí | L19: 46322 | M19: =IF(A19="","",IF(AND(C19="Sí",K19="Sí",F19<>"Excluido"),1,0))
A20: GU-TDH-019 | B20: G | C20: Sí | D20: 46307 | E20: 100 | F20: Activo | I20: 46320 | J20: Confirmado | K20: Sí | L20: 46321 | M20: =IF(A20="","",IF(AND(C20="Sí",K20="Sí",F20<>"Excluido"),1,0))
A21: GU-TDH-020 | B21: G | C21: Sí | D21: 46309 | E21: 100 | F21: Activo | I21: 46320 | J21: Confirmado | K21: Sí | L21: 46323 | M21: =IF(A21="","",IF(AND(C21="Sí",K21="Sí",F21<>"Excluido"),1,0))
A22: GU-TDH-021 | B22: G | C22: Sí | D22: 46307 | E22: 100 | F22: Activo | I22: 46320 | J22: Confirmado | K22: Sí | L22: 46321 | M22: =IF(A22="","",IF(AND(C22="Sí",K22="Sí",F22<>"Excluido"),1,0))
A23: GU-TDH-022 | B23: G | C23: Sí | D23: 46309 | E23: 100 | F23: Activo | I23: 46320 | J23: Confirmado | K23: Sí | L23: 46323 | M23: =IF(A23="","",IF(AND(C23="Sí",K23="Sí",F23<>"Excluido"),1,0))
A24: GU-TDH-023 | B24: G | C24: Sí | D24: 46311 | E24: 100 | F24: Activo | I24: 46320 | J24: Confirmado | K24: Sí | L24: 46325 | M24: =IF(A24="","",IF(AND(C24="Sí",K24="Sí",F24<>"Excluido"),1,0))
A25: GU-TDH-024 | B25: G | C25: Sí | D25: 46309 | E25: 100 | F25: Activo | I25: 46320 | J25: Confirmado | K25: Sí | L25: 46323 | M25: =IF(A25="","",IF(AND(C25="Sí",K25="Sí",F25<>"Excluido"),1,0))
A26: GU-TDH-025 | B26: G | C26: Sí | D26: 46311 | E26: 100 | F26: Activo | I26: 46320 | J26: Confirmado | K26: Sí | L26: 46325 | M26: =IF(A26="","",IF(AND(C26="Sí",K26="Sí",F26<>"Excluido"),1,0))
A27: GU-TDH-026 | B27: G | C27: Sí | D27: 46312 | E27: 100 | F27: Activo | I27: 46320 | J27: Confirmado | K27: Sí | L27: 46326 | M27: =IF(A27="","",IF(AND(C27="Sí",K27="Sí",F27<>"Excluido"),1,0))
A28: GU-TDH-027 | B28: G | C28: Sí | D28: 46310 | E28: 100 | F28: Activo | I28: 46320 | J28: Confirmado | K28: Sí | L28: 46324 | M28: =IF(A28="","",IF(AND(C28="Sí",K28="Sí",F28<>"Excluido"),1,0))
A29: GU-TDH-028 | B29: G | C29: Sí | D29: 46307 | E29: 100 | F29: Activo | I29: 46320 | J29: Confirmado | K29: Sí | L29: 46321 | M29: =IF(A29="","",IF(AND(C29="Sí",K29="Sí",F29<>"Excluido"),1,0))
... A32: GU-TDH-032 | B32: G | C32: Sí | D32: 46312 | E32: 100 | F32: Activo | I32: 46320 | J32: Confirmado | K32: Sí | L32: 46326 | M32: =IF(A32="","",IF(AND(C32="Sí",K32="Sí",F32<>"Excluido"),1,0))
A33: GU-TDH-033 | B33: G | C33: Sí | D33: 46311 | E33: 0 | F33: Retirado | G33: 46316 | H33: Inasistencia fuera de la ventana | I33: 46320 | J33: Pérdida muestral | K33: No | M33: =IF(A33="","",IF(AND(C33="Sí",K33="Sí",F33<>"Excluido"),1,0))
A34: GU-TDH-034 | B34: G | C34: Sí | D34: 46308 | E34: 100 | F34: Activo | I34: 46320 | J34: Confirmado | K34: Sí | L34: 46322 | M34: =IF(A34="","",IF(AND(C34="Sí",K34="Sí",F34<>"Excluido"),1,0))
A35: GU-TDH-035 | B35: G | C35: Sí | D35: 46312 | E35: 100 | F35: Activo | I35: 46320 | J35: Confirmado | K35: Sí | L35: 46326 | M35: =IF(A35="","",IF(AND(C35="Sí",K35="Sí",F35<>"Excluido"),1,0)) | N35: Reprogramado dentro de la ventana, en la misma franja horaria.
A36: GU-TDH-036 | B36: G | C36: Sí | D36: 46307 | E36: 100 | F36: Activo | I36: 46320 | J36: Confirmado | K36: Sí | L36: 46321 | M36: =IF(A36="","",IF(AND(C36="Sí",K36="Sí",F36<>"Excluido"),1,0))
A37: GU-TDH-038 | B37: G | C37: Sí | D37: 46310 | E37: 100 | F37: Activo | I37: 46320 | J37: Confirmado | K37: Sí | L37: 46324 | M37: =IF(A37="","",IF(AND(C37="Sí",K37="Sí",F37<>"Excluido"),1,0))
A38: GU-TDH-039 | B38: G | C38: Sí | D38: 46309 | E38: 100 | F38: Activo | I38: 46320 | J38: Confirmado | K38: Sí | L38: 46323 | M38: =IF(A38="","",IF(AND(C38="Sí",K38="Sí",F38<>"Excluido"),1,0))
A39: GU-TDH-040 | B39: G | C39: Sí | D39: 46311 | E39: 100 | F39: Activo | I39: 46320 | J39: Confirmado | K39: Sí | L39: 46325 | M39: =IF(A39="","",IF(AND(C39="Sí",K39="Sí",F39<>"Excluido"),1,0))
A40: GU-TDH-041 | B40: G | C40: Sí | D40: 46311 | E40: 100 | F40: Activo | I40: 46320 | J40: Confirmado | K40: Sí | L40: 46325 | M40: =IF(A40="","",IF(AND(C40="Sí",K40="Sí",F40<>"Excluido"),1,0))
A41: GU-TDH-042 | B41: G | C41: Sí | D41: 46307 | E41: 100 | F41: Activo | I41: 46320 | J41: Confirmado | K41: Sí | L41: 46321 | M41: =IF(A41="","",IF(AND(C41="Sí",K41="Sí",F41<>"Excluido"),1,0))
A42: GU-TDH-043 | B42: G | C42: Sí | D42: 46309 | E42: 100 | F42: Activo | I42: 46320 | J42: Confirmado | K42: Sí | L42: 46323 | M42: =IF(A42="","",IF(AND(C42="Sí",K42="Sí",F42<>"Excluido"),1,0))
A43: GU-TDH-045 | B43: G | C43: Sí | D43: 46308 | E43: 100 | F43: Activo | I43: 46320 | J43: Confirmado | K43: Sí | L43: 46322 | M43: =IF(A43="","",IF(AND(C43="Sí",K43="Sí",F43<>"Excluido"),1,0))
M44: =IF(A44="","",IF(AND(C44="Sí",K44="Sí",F44<>"Excluido"),1,0)) | N44: Excluido en la depuración del pretest (bitácora, Sesión 03); no ingresa a la intervención.
A45: GU-TDH-047 | B45: G | C45: Sí | D45: 46309 | E45: 100 | F45: Activo | I45: 46320 | J45: Confirmado | K45: Sí | L45: 46323 | M45: =IF(A45="","",IF(AND(C45="Sí",K45="Sí",F45<>"Excluido"),1,0))
A46: GU-TDH-048 | B46: G | C46: Sí | D46: 46310 | E46: 100 | F46: Activo | I46: 46320 | J46: Confirmado | K46: Sí | L46: 46324 | M46: =IF(A46="","",IF(AND(C46="Sí",K46="Sí",F46<>"Excluido"),1,0))
A47: GU-TDH-049 | B47: G | C47: Sí | D47: 46307 | E47: 100 | F47: Activo | I47: 46320 | J47: Confirmado | K47: Sí | L47: 46321 | M47: =IF(A47="","",IF(AND(C47="Sí",K47="Sí",F47<>"Excluido"),1,0))
A48: GU-TDH-050 | B48: G | C48: Sí | D48: 46309 | E48: 100 | F48: Activo | I48: 46320 | J48: Confirmado | K48: Sí | L48: 46323 | M48: =IF(A48="","",IF(AND(C48="Sí",K48="Sí",F48<>"Excluido"),1,0))
A49: GU-TDH-051 | B49: G | C49: Sí | D49: 46311 | E49: 100 | F49: Activo | I49: 46320 | J49: Confirmado | K49: Sí | L49: 46325 | M49: =IF(A49="","",IF(AND(C49="Sí",K49="Sí",F49<>"Excluido"),1,0))
A50: GU-TDH-052 | B50: G | C50: Sí | D50: 46308 | E50: 100 | F50: Activo | I50: 46320 | J50: Confirmado | K50: Sí | L50: 46322 | M50: =IF(A50="","",IF(AND(C50="Sí",K50="Sí",F50<>"Excluido"),1,0))
A51: GU-TDH-053 | B51: G | C51: Sí | D51: 46309 | E51: 0 | F51: Retirado | G51: 46316 | H51: Inasistencia fuera de la ventana | I51: 46320 | J51: Pérdida muestral | K51: No | M51: =IF(A51="","",IF(AND(C51="Sí",K51="Sí",F51<>"Excluido"),1,0)) | N51: Usó la aplicación 1 día(s); no respondió a tres recordatorios ni a la reprogramación de 72 h.
A52: GU-TDH-054 | B52: G | C52: Sí | D52: 46310 | E52: 100 | F52: Activo | I52: 46320 | J52: Confirmado | K52: Sí | L52: 46324 | M52: =IF(A52="","",IF(AND(C52="Sí",K52="Sí",F52<>"Excluido"),1,0))
M53: =IF(A53="","",IF(AND(C53="Sí",K53="Sí",F53<>"Excluido"),1,0)) | N53: Excluido en la depuración del pretest (bitácora, Sesión 03); no ingresa a la intervención.
A54: GU-TDH-056 | B54: G | C54: Sí | D54: 46311 | E54: 100 | F54: Activo | I54: 46320 | J54: Confirmado | K54: Sí | L54: 46325 | M54: =IF(A54="","",IF(AND(C54="Sí",K54="Sí",F54<>"Excluido"),1,0))
A55: GU-TDH-057 | B55: G | C55: Sí | D55: 46307 | E55: 100 | F55: Activo | I55: 46320 | J55: Confirmado | K55: Sí | L55: 46321 | M55: =IF(A55="","",IF(AND(C55="Sí",K55="Sí",F55<>"Excluido"),1,0))
A56: GU-TDH-058 | B56: G | C56: Sí | D56: 46308 | E56: 100 | F56: Activo | I56: 46320 | J56: Confirmado | K56: Sí | L56: 46322 | M56: =IF(A56="","",IF(AND(C56="Sí",K56="Sí",F56<>"Excluido"),1,0))
M57: =IF(A57="","",IF(AND(C57="Sí",K57="Sí",F57<>"Excluido"),1,0)) | N57: Excluido en la depuración del pretest (bitácora, Sesión 03); no ingresa a la intervención.
A58: GU-TDH-060 | B58: G | C58: Sí | D58: 46309 | E58: 100 | F58: Activo | I58: 46320 | J58: Confirmado | K58: Sí | L58: 46323 | M58: =IF(A58="","",IF(AND(C58="Sí",K58="Sí",F58<>"Excluido"),1,0))
A59: GU-TDH-061 | B59: G | C59: Sí | D59: 46309 | E59: 100 | F59: Activo | I59: 46320 | J59: Confirmado | K59: Sí | L59: 46323 | M59: =IF(A59="","",IF(AND(C59="Sí",K59="Sí",F59<>"Excluido"),1,0))
A60: GU-TDH-062 | B60: G | C60: Sí | D60: 46307 | E60: 100 | F60: Activo | I60: 46320 | J60: Confirmado | K60: Sí | L60: 46321 | M60: =IF(A60="","",IF(AND(C60="Sí",K60="Sí",F60<>"Excluido"),1,0))
A61: GU-TDH-063 | B61: G | C61: Sí | D61: 46308 | E61: 100 | F61: Activo | I61: 46320 | J61: Confirmado | K61: Sí | L61: 46322 | M61: =IF(A61="","",IF(AND(C61="Sí",K61="Sí",F61<>"Excluido"),1,0))
A62: GU-TDH-064 | B62: G | C62: Sí | D62: 46312 | E62: 100 | F62: Activo | I62: 46320 | J62: Confirmado | K62: Sí | L62: 46326 | M62: =IF(A62="","",IF(AND(C62="Sí",K62="Sí",F62<>"Excluido"),1,0)) | N62: Reprogramado dentro de la ventana, en la misma franja horaria.
A63: GU-TDH-065 | B63: G | C63: Sí | D63: 46311 | E63: 100 | F63: Activo | I63: 46320 | J63: Confirmado | K63: Sí | L63: 46325 | M63: =IF(A63="","",IF(AND(C63="Sí",K63="Sí",F63<>"Excluido"),1,0))
A64: GU-TDH-066 | B64: G | C64: Sí | D64: 46310 | E64: 100 | F64: Activo | I64: 46320 | J64: Confirmado | K64: Sí | L64: 46324 | M64: =IF(A64="","",IF(AND(C64="Sí",K64="Sí",F64<>"Excluido"),1,0))
A65: GU-TDH-067 | B65: G | C65: Sí | D65: 46308 | E65: 100 | F65: Activo | I65: 46320 | J65: Confirmado | K65: Sí | L65: 46322 | M65: =IF(A65="","",IF(AND(C65="Sí",K65="Sí",F65<>"Excluido"),1,0))
A66: GU-TDH-069 | B66: G | C66: Sí | D66: 46309 | E66: 33 | F66: Activo | I66: 46320 | J66: Confirmado | K66: Sí | L66: 46321 | M66: =IF(A66="","",IF(AND(C66="Sí",K66="Sí",F66<>"Excluido"),1,0)) | N66: Usó la aplicación 1 día(s); no respondió a tres recordatorios ni a la reprogramación de 72 h.
A67: GU-TDH-070 | B67: G | C67: Sí | D67: 46309 | E67: 100 | F67: Activo | I67: 46320 | J67: Confirmado | K67: Sí | L67: 46323 | M67: =IF(A67="","",IF(AND(C67="Sí",K67="Sí",F67<>"Excluido"),1,0))
A68: GU-TDH-071 | B68: G | C68: Sí | D68: 46310 | E68: 100 | F68: Activo | I68: 46320 | J68: Confirmado | K68: Sí | L68: 46324 | M68: =IF(A68="","",IF(AND(C68="Sí",K68="Sí",F68<>"Excluido"),1,0))
A69: GU-TDH-072 | B69: G | C69: Sí | D69: 46312 | E69: 67 | F69: Activo | I69: 46320 | J69: Confirmado | K69: Sí | L69: 46326 | M69: =IF(A69="","",IF(AND(C69="Sí",K69="Sí",F69<>"Excluido"),1,0))
A70: GU-TDH-073 | B70: G | C70: Sí | D70: 46309 | E70: 100 | F70: Activo | I70: 46320 | J70: Confirmado | K70: Sí | L70: 46323 | M70: =IF(A70="","",IF(AND(C70="Sí",K70="Sí",F70<>"Excluido"),1,0))
A71: GU-TDH-074 | B71: G | C71: Sí | D71: 46310 | E71: 100 | F71: Activo | I71: 46320 | J71: Confirmado | K71: Sí | L71: 46324 | M71: =IF(A71="","",IF(AND(C71="Sí",K71="Sí",F71<>"Excluido"),1,0))
A72: GU-TDH-075 | B72: G | C72: Sí | D72: 46308 | E72: 100 | F72: Activo | I72: 46320 | J72: Confirmado | K72: Sí | L72: 46322 | M72: =IF(A72="","",IF(AND(C72="Sí",K72="Sí",F72<>"Excluido"),1,0))
A73: GU-TDH-076 | B73: G | C73: Sí | D73: 46309 | E73: 67 | F73: Activo | I73: 46320 | J73: Confirmado | K73: Sí | L73: 46323 | M73: =IF(A73="","",IF(AND(C73="Sí",K73="Sí",F73<>"Excluido"),1,0))
A74: GU-TDH-077 | B74: G | C74: Sí | D74: 46311 | E74: 100 | F74: Activo | I74: 46320 | J74: Confirmado | K74: Sí | L74: 46325 | M74: =IF(A74="","",IF(AND(C74="Sí",K74="Sí",F74<>"Excluido"),1,0))
A75: GU-TDH-078 | B75: G | C75: Sí | D75: 46310 | E75: 100 | F75: Activo | I75: 46320 | J75: Confirmado | K75: Sí | L75: 46324 | M75: =IF(A75="","",IF(AND(C75="Sí",K75="Sí",F75<>"Excluido"),1,0))
A76: GU-TDH-079 | B76: G | C76: Sí | D76: 46310 | E76: 100 | F76: Activo | I76: 46320 | J76: Confirmado | K76: Sí | L76: 46324 | M76: =IF(A76="","",IF(AND(C76="Sí",K76="Sí",F76<>"Excluido"),1,0))
A77: GU-TDH-080 | B77: G | C77: Sí | D77: 46307 | E77: 100 | F77: Activo | I77: 46320 | J77: Confirmado | K77: Sí | L77: 46321 | M77: =IF(A77="","",IF(AND(C77="Sí",K77="Sí",F77<>"Excluido"),1,0))
A78: GU-TDH-081 | B78: G | C78: Sí | D78: 46312 | E78: 100 | F78: Activo | I78: 46320 | J78: Confirmado | K78: Sí | L78: 46326 | M78: =IF(A78="","",IF(AND(C78="Sí",K78="Sí",F78<>"Excluido"),1,0))
... A80: GU-TDH-083 | B80: G | C80: Sí | D80: 46311 | E80: 100 | F80: Activo | I80: 46320 | J80: Confirmado | K80: Sí | L80: 46325 | M80: =IF(A80="","",IF(AND(C80="Sí",K80="Sí",F80<>"Excluido"),1,0))
A81: GU-TDH-084 | B81: G | C81: Sí | D81: 46310 | E81: 67 | F81: Activo | I81: 46320 | J81: Confirmado | K81: Sí | L81: 46324 | M81: =IF(A81="","",IF(AND(C81="Sí",K81="Sí",F81<>"Excluido"),1,0)) | N81: Usó la aplicación 2 día(s); no respondió a tres recordatorios ni a la reprogramación de 72 h.
A82: GU-TDH-085 | B82: G | C82: Sí | D82: 46307 | E82: 100 | F82: Activo | I82: 46320 | J82: Confirmado | K82: Sí | L82: 46321 | M82: =IF(A82="","",IF(AND(C82="Sí",K82="Sí",F82<>"Excluido"),1,0))
A83: GU-TDH-086 | B83: G | C83: Sí | D83: 46307 | E83: 100 | F83: Activo | I83: 46320 | J83: Confirmado | K83: Sí | L83: 46321 | M83: =IF(A83="","",IF(AND(C83="Sí",K83="Sí",F83<>"Excluido"),1,0))
A84: GU-TDH-087 | B84: G | C84: Sí | D84: 46308 | E84: 100 | F84: Activo | I84: 46320 | J84: Confirmado | K84: Sí | L84: 46322 | M84: =IF(A84="","",IF(AND(C84="Sí",K84="Sí",F84<>"Excluido"),1,0))
A85: GU-TDH-088 | B85: G | C85: Sí | D85: 46310 | E85: 100 | F85: Activo | I85: 46320 | J85: Confirmado | K85: Sí | L85: 46324 | M85: =IF(A85="","",IF(AND(C85="Sí",K85="Sí",F85<>"Excluido"),1,0))
A86: GU-TDH-089 | B86: G | C86: Sí | D86: 46307 | E86: 100 | F86: Activo | I86: 46320 | J86: Confirmado | K86: Sí | L86: 46321 | M86: =IF(A86="","",IF(AND(C86="Sí",K86="Sí",F86<>"Excluido"),1,0))
A87: GU-TDH-090 | B87: G | C87: Sí | D87: 46307 | E87: 100 | F87: Activo | I87: 46320 | J87: Confirmado | K87: Sí | L87: 46321 | M87: =IF(A87="","",IF(AND(C87="Sí",K87="Sí",F87<>"Excluido"),1,0)) | N87: Reprogramado dentro de la ventana, en la misma franja horaria.
A88: GU-TDH-091 | B88: G | C88: Sí | D88: 46307 | E88: 100 | F88: Activo | I88: 46320 | J88: Confirmado | K88: Sí | L88: 46321 | M88: =IF(A88="","",IF(AND(C88="Sí",K88="Sí",F88<>"Excluido"),1,0))
A89: GU-TDH-092 | B89: G | C89: Sí | D89: 46310 | E89: 100 | F89: Activo | I89: 46320 | J89: Confirmado | K89: Sí | L89: 46324 | M89: =IF(A89="","",IF(AND(C89="Sí",K89="Sí",F89<>"Excluido"),1,0))
A90: GU-TDH-093 | B90: G | C90: Sí | D90: 46310 | E90: 100 | F90: Activo | I90: 46320 | J90: Confirmado | K90: Sí | L90: 46324 | M90: =IF(A90="","",IF(AND(C90="Sí",K90="Sí",F90<>"Excluido"),1,0))
M91: =IF(A91="","",IF(AND(C91="Sí",K91="Sí",F91<>"Excluido"),1,0)) | N91: Excluido en la depuración del pretest (bitácora, Sesión 03); no ingresa a la intervención.
A92: GU-TDH-095 | B92: G | C92: Sí | D92: 46308 | E92: 100 | F92: Activo | I92: 46320 | J92: Confirmado | K92: Sí | L92: 46322 | M92: =IF(A92="","",IF(AND(C92="Sí",K92="Sí",F92<>"Excluido"),1,0))
A93: GU-TDH-097 | B93: G | C93: Sí | D93: 46309 | E93: 100 | F93: Activo | I93: 46320 | J93: Confirmado | K93: Sí | L93: 46323 | M93: =IF(A93="","",IF(AND(C93="Sí",K93="Sí",F93<>"Excluido"),1,0))
A94: GU-TDH-098 | B94: G | C94: Sí | D94: 46311 | E94: 100 | F94: Activo | I94: 46320 | J94: Confirmado | K94: Sí | L94: 46325 | M94: =IF(A94="","",IF(AND(C94="Sí",K94="Sí",F94<>"Excluido"),1,0))
A95: GU-TDH-099 | B95: G | C95: Sí | D95: 46309 | E95: 100 | F95: Activo | I95: 46320 | J95: Confirmado | K95: Sí | L95: 46323 | M95: =IF(A95="","",IF(AND(C95="Sí",K95="Sí",F95<>"Excluido"),1,0))
A96: GU-TDH-100 | B96: G | C96: Sí | D96: 46310 | E96: 100 | F96: Activo | I96: 46320 | J96: Confirmado | K96: Sí | L96: 46324 | M96: =IF(A96="","",IF(AND(C96="Sí",K96="Sí",F96<>"Excluido"),1,0))
A97: GU-TDH-101 | B97: G | C97: Sí | D97: 46310 | E97: 100 | F97: Activo | I97: 46320 | J97: Confirmado | K97: Sí | L97: 46324 | M97: =IF(A97="","",IF(AND(C97="Sí",K97="Sí",F97<>"Excluido"),1,0))
A98: GU-TDH-102 | B98: G | C98: Sí | D98: 46310 | E98: 100 | F98: Activo | I98: 46320 | J98: Confirmado | K98: Sí | L98: 46324 | M98: =IF(A98="","",IF(AND(C98="Sí",K98="Sí",F98<>"Excluido"),1,0))
A99: GU-TDH-103 | B99: G | C99: Sí | D99: 46312 | E99: 100 | F99: Activo | I99: 46320 | J99: Confirmado | K99: Sí | L99: 46326 | M99: =IF(A99="","",IF(AND(C99="Sí",K99="Sí",F99<>"Excluido"),1,0))
A100: GU-TDH-104 | B100: G | C100: Sí | D100: 46312 | E100: 100 | F100: Activo | I100: 46320 | J100: Confirmado | K100: Sí | L100: 46326 | M100: =IF(A100="","",IF(AND(C100="Sí",K100="Sí",F100<>"Excluido"),1,0))
M101: =IF(A101="","",IF(AND(C101="Sí",K101="Sí",F101<>"Excluido"),1,0)) | N101: Excluido en la depuración del pretest (bitácora, Sesión 03); no ingresa a la intervención.
A102: GU-TDH-106 | B102: G | C102: Sí | D102: 46310 | E102: 100 | F102: Activo | I102: 46320 | J102: Confirmado | K102: Sí | L102: 46324 | M102: =IF(A102="","",IF(AND(C102="Sí",K102="Sí",F102<>"Excluido"),1,0))
M103: =IF(A103="","",IF(AND(C103="Sí",K103="Sí",F103<>"Excluido"),1,0)) | N103: Excluido en la depuración del pretest (bitácora, Sesión 03); no ingresa a la intervención.
A104: GU-TDH-108 | B104: G | C104: Sí | D104: 46312 | E104: 100 | F104: Activo | I104: 46320 | J104: Confirmado | K104: Sí | L104: 46326 | M104: =IF(A104="","",IF(AND(C104="Sí",K104="Sí",F104<>"Excluido"),1,0))
...

Sheet 3_Mortalidad
A1: Paso 5 · Mortalidad experimental, pérdida total y flujo de participantes
A2: Se calcula automáticamente a partir de la hoja 2_Participantes. Mortalidad experimental = retirados ÷ n pretest; pérdida total incluye además a los excluidos.
A4: Resumen por grupo
A5: Grupo | B5: n pretest | C5: Retirados | D5: Excluidos | E5: Postest rendido | F5: Pares analizados | G5: Mortalidad experimental | H5: Clasificación | I5: Pérdida total | J5: Clasificación de la pérdida total | L5: Grupo | M5: Pretest (n) | N5: Postest (n)
A6: GE · experimental | B6: =COUNTIFS('2_Participantes'!$B$6:$B$305,"GE",'2_Participantes'!$C$6:$C$305,"Sí") | C6: =COUNTIFS('2_Participantes'!$B$6:$B$305,"GE",'2_Participantes'!$F$6:$F$305,"Retirado") | D6: =COUNTIFS('2_Participantes'!$B$6:$B$305,"GE",'2_Participantes'!$F$6:$F$305,"Excluido") | E6: =COUNTIFS('2_Participantes'!$B$6:$B$305,"GE",'2_Participantes'!$K$6:$K$305,"Sí") | F6: =SUMIFS('2_Participantes'!$M$6:$M$305,'2_Participantes'!$B$6:$B$305,"GE") | G6: =IF(B6=0,"",C6/B6) | H6: =IF(G6="","",IF(G6<0.05,"Baja",IF(G6<=0.2,"Moderada","Alta"))) | I6: =IF(B6=0,"",(B6-F6)/B6) | J6: =IF(I6="","",IF(I6<0.05,"Baja",IF(I6<=0.2,"Moderada","Alta"))) | L6: GE | M6: =B6 | N6: =E6
A7: GC · comparación | B7: =COUNTIFS('2_Participantes'!$B$6:$B$305,"GC",'2_Participantes'!$C$6:$C$305,"Sí") | C7: =COUNTIFS('2_Participantes'!$B$6:$B$305,"GC",'2_Participantes'!$F$6:$F$305,"Retirado") | D7: =COUNTIFS('2_Participantes'!$B$6:$B$305,"GC",'2_Participantes'!$F$6:$F$305,"Excluido") | E7: =COUNTIFS('2_Participantes'!$B$6:$B$305,"GC",'2_Participantes'!$K$6:$K$305,"Sí") | F7: =SUMIFS('2_Participantes'!$M$6:$M$305,'2_Participantes'!$B$6:$B$305,"GC") | G7: =IF(B7=0,"",C7/B7) | H7: =IF(G7="","",IF(G7<0.05,"Baja",IF(G7<=0.2,"Moderada","Alta"))) | I7: =IF(B7=0,"",(B7-F7)/B7) | J7: =IF(I7="","",IF(I7<0.05,"Baja",IF(I7<=0.2,"Moderada","Alta"))) | L7: GC | M7: =B7 | N7: =E7
A8: G · grupo único | B8: =COUNTIFS('2_Participantes'!$B$6:$B$305,"G",'2_Participantes'!$C$6:$C$305,"Sí") | C8: =COUNTIFS('2_Participantes'!$B$6:$B$305,"G",'2_Participantes'!$F$6:$F$305,"Retirado") | D8: =COUNTIFS('2_Participantes'!$B$6:$B$305,"G",'2_Participantes'!$F$6:$F$305,"Excluido") | E8: =COUNTIFS('2_Participantes'!$B$6:$B$305,"G",'2_Participantes'!$K$6:$K$305,"Sí") | F8: =SUMIFS('2_Participantes'!$M$6:$M$305,'2_Participantes'!$B$6:$B$305,"G") | G8: =IF(B8=0,"",C8/B8) | H8: =IF(G8="","",IF(G8<0.05,"Baja",IF(G8<=0.2,"Moderada","Alta"))) | I8: =IF(B8=0,"",(B8-F8)/B8) | J8: =IF(I8="","",IF(I8<0.05,"Baja",IF(I8<=0.2,"Moderada","Alta")))
A10: Mortalidad diferencial GE − GC (no aplica: diseño de grupo único) | G10: =IF(OR(G6="",G7=""),"",ABS(G6-G7)) | H10: =IF(G10="","",IF(G10<=0.05,"Diferencia pequeña","Revisar la equivalencia de los grupos"))
A11: Referencia (Schulz y Grimes, 2002): < 5 % baja; 5 % a 20 % moderada (comparar la línea base de quienes se retiran con la de quienes permanecen); > 20 % alta. Ningún participante perdido se reemplaza.
A13: Motivos de retiro o exclusión
A14: Motivo | B14: GE | C14: GC | D14: G | E14: Total
A15: Renuncia | B15: =COUNTIFS('2_Participantes'!$B$6:$B$305,"GE",'2_Participantes'!$H$6:$H$305,"Renuncia") | C15: =COUNTIFS('2_Participantes'!$B$6:$B$305,"GC",'2_Participantes'!$H$6:$H$305,"Renuncia") | D15: =COUNTIFS('2_Participantes'!$B$6:$B$305,"G",'2_Participantes'!$H$6:$H$305,"Renuncia") | E15: =SUM(B15:D15)
A16: Licencia | B16: =COUNTIFS('2_Participantes'!$B$6:$B$305,"GE",'2_Participantes'!$H$6:$H$305,"Licencia") | C16: =COUNTIFS('2_Participantes'!$B$6:$B$305,"GC",'2_Participantes'!$H$6:$H$305,"Licencia") | D16: =COUNTIFS('2_Participantes'!$B$6:$B$305,"G",'2_Participantes'!$H$6:$H$305,"Licencia") | E16: =SUM(B16:D16)
A17: Rotación o cambio de sede | B17: =COUNTIFS('2_Participantes'!$B$6:$B$305,"GE",'2_Participantes'!$H$6:$H$305,"Rotación o cambio de sede") | C17: =COUNTIFS('2_Participantes'!$B$6:$B$305,"GC",'2_Participantes'!$H$6:$H$305,"Rotación o cambio de sede") | D17: =COUNTIFS('2_Participantes'!$B$6:$B$305,"G",'2_Participantes'!$H$6:$H$305,"Rotación o cambio de sede") | E17: =SUM(B17:D17)
A18: Retiro de consentimiento | B18: =COUNTIFS('2_Participantes'!$B$6:$B$305,"GE",'2_Participantes'!$H$6:$H$305,"Retiro de consentimiento") | C18: =COUNTIFS('2_Participantes'!$B$6:$B$305,"GC",'2_Participantes'!$H$6:$H$305,"Retiro de consentimiento") | D18: =COUNTIFS('2_Participantes'!$B$6:$B$305,"G",'2_Participantes'!$H$6:$H$305,"Retiro de consentimiento") | E18: =SUM(B18:D18)
A19: Inasistencia fuera de la ventana | B19: =COUNTIFS('2_Participantes'!$B$6:$B$305,"GE",'2_Participantes'!$H$6:$H$305,"Inasistencia fuera de la ventana") | C19: =COUNTIFS('2_Participantes'!$B$6:$B$305,"GC",'2_Participantes'!$H$6:$H$305,"Inasistencia fuera de la ventana") | D19: =COUNTIFS('2_Participantes'!$B$6:$B$305,"G",'2_Participantes'!$H$6:$H$305,"Inasistencia fuera de la ventana") | E19: =SUM(B19:D19)
A20: Registro inutilizable | B20: =COUNTIFS('2_Participantes'!$B$6:$B$305,"GE",'2_Participantes'!$H$6:$H$305,"Registro inutilizable") | C20: =COUNTIFS('2_Participantes'!$B$6:$B$305,"GC",'2_Participantes'!$H$6:$H$305,"Registro inutilizable") | D20: =COUNTIFS('2_Participantes'!$B$6:$B$305,"G",'2_Participantes'!$H$6:$H$305,"Registro inutilizable") | E20: =SUM(B20:D20)
A21: Otro | B21: =COUNTIFS('2_Participantes'!$B$6:$B$305,"GE",'2_Participantes'!$H$6:$H$305,"Otro") | C21: =COUNTIFS('2_Participantes'!$B$6:$B$305,"GC",'2_Participantes'!$H$6:$H$305,"Otro") | D21: =COUNTIFS('2_Participantes'!$B$6:$B$305,"G",'2_Participantes'!$H$6:$H$305,"Otro") | E21: =SUM(B21:D21)
A22: Total | B22: =SUM(B15:B21) | C22: =SUM(C15:C21) | D22: =SUM(D15:D21) | E22: =SUM(E15:E21)
A24: Flujo de participantes (texto para el informe y el diagrama)
A25: Evaluados en el pretest (O₁) | D25: ="G (grupo único): n = "&B8
A26: Retirados durante la intervención | D26: ="G: "&C8
A27: Excluidos (p. ej., retiro del consentimiento) | D27: ="G: "&D8
A28: Evaluados en el postest (O₂) | D28: ="G: n = "&E8
A29: Pares pretest–postest analizados | D29: ="G: n = "&F8&" ("&TEXT(IF(B8=0,0,F8/B8),"0.0%")&")"

Sheet 4_Equivalencia
A1: Paso 3 · Lista de cotejo de equivalencia de condiciones pretest–postest
A2: Coteje cada condición con el acta de aplicación del pretest antes de medir. Cada «No» exige una medida de control y una incidencia registrada.
A4: N.º | B4: Condición | C4: Pretest (según acta) | D4: Postest (previsto o ejecutado) | E4: ¿Equivale? | F4: Medida de control y evidencia
A5: 1 | B5: Instrumento y versión | C5: Cuestionario SUS (10 ítems), cuestionario de satisfacción (8 ítems) y ficha de tiempos y clics, versión validada | D5: Los mismos instrumentos y la misma versión | E5: Sí | F5: Mismo módulo del experimento; versión de los cuestionarios sin cambios.
A6: 2 | B6: Forma de aplicación (impreso o digital) | C6: Digital, en el módulo del experimento | D6: Digital, en el módulo del experimento | E6: Sí | F6: Misma interfaz de cuestionarios.
A7: 3 | B7: Guion de instrucciones (textual) | C7: Guion de la Sesión 02, hoja 1 | D7: El mismo guion, leído textualmente | E7: Sí | F7: Guion impreso y en PDF.
A8: 4 | B8: Aplicador u observador | C8: M. Trujillo y A. Godoy | D8: M. Trujillo y A. Godoy | E8: Sí | F8: Mismo aplicador por participante en lo posible.
A9: 5 | B9: Lugar, equipos y conectividad | C9: Dispositivo propio y conexión habitual; búsqueda en el portal actual | D9: Mismo tipo de dispositivo y conexión habitual; búsqueda en la aplicación | E9: Sí | F9: El cambio de plataforma es la intervención (X); el dispositivo se mantiene.
A10: 6 | B10: Días de la semana y franja horaria | C10: Lunes a sábado; 10:00–13:00 o 16:00–19:00 | D10: Lunes a sábado; misma franja y mismo día de la semana de su pretest | E10: Sí | F10: Postest programado 14 días después de cada pretest.
A11: 7 | B11: Duración y número de observaciones | C11: 2 tareas de búsqueda (máx. 300 s c/u) + SUS + satisfacción | D11: 2 tareas de búsqueda (máx. 300 s c/u) + SUS + satisfacción | E11: Sí | F11: Noticias equivalentes en dificultad (tareas 3 y 4).
A12: 8 | B12: Criterios de inicio y fin de cada medición | C12: Inicio: clic en «Comenzar tarea»; fin: apertura de la noticia correcta o 300 s | D12: Los mismos criterios | E12: Sí | F12: Mismo cronómetro del módulo.
A13: 9 | B13: Unidad de medida y escala | C13: Segundos, clics, puntos SUS (0–100), satisfacción (8–40) | D13: Las mismas unidades | E13: Sí | F13: Diccionario de variables (Sesión 03).
A14: 10 | B14: Codificación de participantes | C14: 108 códigos GU-TDH de la base del pretest (sesión 3). Sin GU-TDH-001. | D14: Los mismos códigos | E14: Sí | F14: Verificación del código antes de habilitar las tareas.
A15: 11 | B15: Secuencia de ítems o de tareas | C15: Tarea 1 → tarea 2 → SUS → satisfacción | D15: Tarea 3 → tarea 4 → SUS → satisfacción | E15: Sí | F15: Mismo orden de ítems.
A16: 12 | B16: Ventana de aplicación (hasta 5 días hábiles tras el cierre) | C16: 12–17/10/2026, antes de la intervención | D16: 26–31/10/2026, de 1 a 5 días hábiles tras el cierre (02/11) | E16: Sí | F16: Ventana de 5 días hábiles respetada.
B18: Condiciones equivalentes | C18: =COUNTIF(E5:E16,"Sí")&" de 12"
B19: Resultado | C19: =IF(COUNTIF(E5:E16,"Sí")=12,"Equivalencia total: aplicar el postest",IF(COUNTIF(E5:E16,"Sí")>=10,"Equivalente con observaciones: registrar cada No como incidencia con su medida de control","Revisar con el asesor antes de medir"))
B20: Las condiciones no equivalentes se reportan en el informe de postest como limitación, con la medida de control aplicada.

Sheet 5_Incidencias
A1: Paso 5 · Registro de incidencias del cierre y del postest
A2: La numeración continúa la del registro de monitoreo (semana 6). Tipos: técnica, metodológica, ética, logística y pérdida muestral.
A3: Total | B3: =COUNTA(B6:B205) | F3: Por tipo: | G3: ="Técnica: "&COUNTIF(F6:F205,"Técnica") | H3: ="Metodológica: "&COUNTIF(F6:F205,"Metodológica") | I3: ="Ética: "&COUNTIF(F6:F205,"Ética") | J3: ="Logística: "&COUNTIF(F6:F205,"Logística") | K3: ="Pérdida muestral: "&COUNTIF(F6:F205,"Pérdida muestral") | L3: En curso | M3: =COUNTIF(L6:L205,"En curso")
A5: N.º | B5: Fecha | C5: Hora | D5: Fase | E5: Código | F5: Tipo | G5: Descripción objetiva | H5: Efecto en la medición o en la muestra | I5: Acción tomada | J5: Responsable | K5: Fecha de la acción | L5: Estado | M5: Evidencia
A6: =IF(B6="","",ROW()-5) | B6: 46316 | C6: 20:15 | D6: Cierre | E6: G (grupo) | F6: Técnica | G6: Latencia alta del asistente (respuestas de más de 10 s) durante unos 25 minutos por saturación de la API del LLM. | H6: Posible menor uso ese día; no afecta la medición. | I6: Se activó la clave de API de respaldo y la caché semántica (matriz de riesgos, riesgo 16). | J6: Tesista (desarrollador) | K6: 46316 | L6: Resuelta | M6: Registro del servidor y bitácora de soporte
A7: =IF(B7="","",ROW()-5) | B7: 46318 | C7: 11:40 | D7: Cierre | E7: GU-TDH-017 | F7: Técnica | G7: El lector reportó que la PWA no se instalaba en su celular (iOS). | H7: Ninguno: siguió usando la aplicación desde el navegador. | I7: Se envió por WhatsApp la guía para agregar a la pantalla de inicio. | J7: Tesista | K7: 46318 | L7: Resuelta | M7: Captura del chat de soporte
A8: =IF(B8="","",ROW()-5) | B8: 46327 | D8: Postest | E8: GU-TDH-006 | F8: Pérdida muestral | G8: No rindió el postest dentro de la ventana; usó la aplicación 0 día(s) durante la intervención. | H8: No hay par pretest–postest; se reduce el n analizado. | I8: Tres recordatorios y reprogramación de 72 h; se registró el motivo y no se reemplazó. | J8: Tesista | K8: 46327 | L8: Cerrada con limitación | M8: Libro de códigos y mensajes de WhatsApp
A9: =IF(B9="","",ROW()-5) | B9: 46327 | D9: Postest | E9: GU-TDH-053 | F9: Pérdida muestral | G9: No rindió el postest dentro de la ventana; usó la aplicación 1 día(s) durante la intervención. | H9: No hay par pretest–postest; se reduce el n analizado. | I9: Tres recordatorios y reprogramación de 72 h; se registró el motivo y no se reemplazó. | J9: Tesista | K9: 46327 | L9: Cerrada con limitación | M9: Libro de códigos y mensajes de WhatsApp
A10: =IF(B10="","",ROW()-5) | B10: 46327 | D10: Postest | E10: GU-TDH-069 | F10: Pérdida muestral | G10: No rindió el postest dentro de la ventana; usó la aplicación 1 día(s) durante la intervención. | H10: No hay par pretest–postest; se reduce el n analizado. | I10: Tres recordatorios y reprogramación de 72 h; se registró el motivo y no se reemplazó. | J10: Tesista | K10: 46327 | L10: Cerrada con limitación | M10: Libro de códigos y mensajes de WhatsApp
A11: =IF(B11="","",ROW()-5) | B11: 46327 | D11: Postest | E11: GU-TDH-084 | F11: Pérdida muestral | G11: No rindió el postest dentro de la ventana; usó la aplicación 2 día(s) durante la intervención. | H11: No hay par pretest–postest; se reduce el n analizado. | I11: Tres recordatorios y reprogramación de 72 h; se registró el motivo y no se reemplazó. | J11: Tesista | K11: 46327 | L11: Cerrada con limitación | M11: Libro de códigos y mensajes de WhatsApp
A12: =IF(B12="","",ROW()-5) | B12: 46327 | D12: Postest | E12: GU-TDH-109 | F12: Pérdida muestral | G12: No rindió el postest dentro de la ventana; usó la aplicación 1 día(s) durante la intervención. | H12: No hay par pretest–postest; se reduce el n analizado. | I12: Tres recordatorios y reprogramación de 72 h; se registró el motivo y no se reemplazó. | J12: Tesista | K12: 46327 | L12: Cerrada con limitación | M12: Libro de códigos y mensajes de WhatsApp
A13: =IF(B13="","",ROW()-5) | B13: 46321 | C13: 10:25 | D13: Postest | E13: GU-TDH-004 | F13: Técnica | G13: Corte de internet del participante durante la tarea 3. | H13: Se repitió la tarea completa al reconectarse. | I13: Se conservó solo el segundo intento, según el protocolo del pretest. | J13: Aplicador de apoyo | K13: 46321 | L13: Resuelta | M13: Registro del módulo del experimento
A14: =IF(B14="","",ROW()-5) | B14: 46323 | C14: 17:05 | D14: Postest | E14: GU-TDH-047 | F14: Metodológica | G14: No localizó la noticia de la tarea 4 en el tiempo límite. | H14: Se registra 300 s y «no completada». | I14: Se aplicó el criterio declarado (300 s = tope, dato válido). | J14: Tesista | K14: 46323 | L14: Resuelta | M14: Registro del módulo del experimento
A15: =IF(B15="","",ROW()-5) | B15: 46324 | C15: 11:15 | D15: Postest | E15: GU-TDH-050 | F15: Logística | G15: Pidió cambiar su postest de la franja de mañana a la de tarde. | H15: Cambio de franja respecto a su pretest. | I15: Se mantuvo la franja de mañana con otro día de la ventana (mismo día de la semana no posible). | J15: Aplicador de apoyo | K15: 46325 | L15: Cerrada con limitación | M15: Correo de confirmación
A16: =IF(B16="","",ROW()-5) | B16: 46325 | C16: 16:30 | D16: Postest | E16: G (grupo) | F16: Ética | G16: Un participante preguntó si su opinión sería vista por el diario. | H16: Ninguno. | I16: Se repitió la cláusula de confidencialidad del consentimiento: solo se reporta con código. | J16: Tesista | K16: 46325 | L16: Resuelta | M16: Registro de soporte
A17: =IF(B17="","",ROW()-5)
A18: =IF(B18="","",ROW()-5)
A19: =IF(B19="","",ROW()-5)
A20: =IF(B20="","",ROW()-5)
A21: =IF(B21="","",ROW()-5)
A22: =IF(B22="","",ROW()-5)
A23: =IF(B23="","",ROW()-5)
A24: =IF(B24="","",ROW()-5)
A25: =IF(B25="","",ROW()-5)
A26: =IF(B26="","",ROW()-5)
A27: =IF(B27="","",ROW()-5)
A28: =IF(B28="","",ROW()-5)
... A205: =IF(B205="","",ROW()-5)

Sheet 6_Base_Postest
A1: Paso 6 · Base consolidada pretest–postest y verificación de correspondencia
A2: Una fila por código. GRUPO, ADH, ESTADO y FECHA_POST se toman automáticamente de 2_Participantes; VD_PRE proviene de la base del pretest (semana 3) y VD_POST del postest. VD_POST es SUS simulado, no medición de campo.
A5: CODIGO | B5: GRUPO | C5: VD_PRE | D5: VD_POST | E5: DIF (POST − PRE) | F5: ADH (%) | G5: ESTADO | H5: FECHA_POST | I5: PAR_COMPLETO | J5: CONTROL DE CALIDAD | L5: Verificación de la base
A6: GU-TDH-002 | B6: {=IF(A6="","",IFERROR(IF(INDEX('2_Participantes'!$B$6:$B$305,MATCH(A6,'2_Participantes'!$A$6:$A$305,0))="","",INDEX('2_Participantes'!$B$6:$B$305,MATCH(A6,'2_Participantes'!$A$6:$A$305,0))),"No registrado"))} | C6: 75 | D6: 90 | E6: =IF(AND(ISNUMBER(C6),ISNUMBER(D6)),D6-C6,"") | F6: {=IF(A6="","",IFERROR(IF(INDEX('2_Participantes'!$E$6:$E$305,MATCH(A6,'2_Participantes'!$A$6:$A$305,0))="","",INDEX('2_Participantes'!$E$6:$E$305,MATCH(A6,'2_Participantes'!$A$6:$A$305,0))),""))} | G6: {=IF(A6="","",IFERROR(IF(INDEX('2_Participantes'!$F$6:$F$305,MATCH(A6,'2_Participantes'!$A$6:$A$305,0))="","",INDEX('2_Participantes'!$F$6:$F$305,MATCH(A6,'2_Participantes'!$A$6:$A$305,0))),"No registrado"))} | H6: {=IF(A6="","",IFERROR(IF(INDEX('2_Participantes'!$L$6:$L$305,MATCH(A6,'2_Participantes'!$A$6:$A$305,0))="","",INDEX('2_Participantes'!$L$6:$L$305,MATCH(A6,'2_Participantes'!$A$6:$A$305,0))),""))} | I6: =IF(A6="","",IF(AND(ISNUMBER(C6),ISNUMBER(D6),G6<>"Excluido"),1,0)) | J6: =IF(A6="","",IF(G6="No registrado","Código ausente en 2_Participantes",IF(AND(ISNUMBER(D6),NOT(ISNUMBER(C6))),"Postest sin pretest (huérfano)",IF(OR(AND(ISNUMBER(C6),OR(C6<Inicio!$C$18,C6>Inicio!$C$19)),AND(ISNUMBER(D6),OR(D6<Inicio!$C$18,D6>Inicio!$C$19))),"Fuera de rango",IF(COUNTIF($A$6:$A$305,A6)>1,"Código duplicado","OK"))))) | L6: Registros (códigos) | M6: =COUNTA(A6:A305)
A7: GU-TDH-003 | B7: {=IF(A7="","",IFERROR(IF(INDEX('2_Participantes'!$B$6:$B$305,MATCH(A7,'2_Participantes'!$A$6:$A$305,0))="","",INDEX('2_Participantes'!$B$6:$B$305,MATCH(A7,'2_Participantes'!$A$6:$A$305,0))),"No registrado"))} | C7: 55 | D7: 75 | E7: =IF(AND(ISNUMBER(C7),ISNUMBER(D7)),D7-C7,"") | F7: {=IF(A7="","",IFERROR(IF(INDEX('2_Participantes'!$E$6:$E$305,MATCH(A7,'2_Participantes'!$A$6:$A$305,0))="","",INDEX('2_Participantes'!$E$6:$E$305,MATCH(A7,'2_Participantes'!$A$6:$A$305,0))),""))} | G7: {=IF(A7="","",IFERROR(IF(INDEX('2_Participantes'!$F$6:$F$305,MATCH(A7,'2_Participantes'!$A$6:$A$305,0))="","",INDEX('2_Participantes'!$F$6:$F$305,MATCH(A7,'2_Participantes'!$A$6:$A$305,0))),"No registrado"))} | H7: {=IF(A7="","",IFERROR(IF(INDEX('2_Participantes'!$L$6:$L$305,MATCH(A7,'2_Participantes'!$A$6:$A$305,0))="","",INDEX('2_Participantes'!$L$6:$L$305,MATCH(A7,'2_Participantes'!$A$6:$A$305,0))),""))} | I7: =IF(A7="","",IF(AND(ISNUMBER(C7),ISNUMBER(D7),G7<>"Excluido"),1,0)) | J7: =IF(A7="","",IF(G7="No registrado","Código ausente en 2_Participantes",IF(AND(ISNUMBER(D7),NOT(ISNUMBER(C7))),"Postest sin pretest (huérfano)",IF(OR(AND(ISNUMBER(C7),OR(C7<Inicio!$C$18,C7>Inicio!$C$19)),AND(ISNUMBER(D7),OR(D7<Inicio!$C$18,D7>Inicio!$C$19))),"Fuera de rango",IF(COUNTIF($A$6:$A$305,A7)>1,"Código duplicado","OK"))))) | L7: Con VD_PRE | M7: =COUNT(C6:C305)
A8: GU-TDH-004 | B8: {=IF(A8="","",IFERROR(IF(INDEX('2_Participantes'!$B$6:$B$305,MATCH(A8,'2_Participantes'!$A$6:$A$305,0))="","",INDEX('2_Participantes'!$B$6:$B$305,MATCH(A8,'2_Participantes'!$A$6:$A$305,0))),"No registrado"))} | C8: 42.5 | D8: 67.5 | E8: =IF(AND(ISNUMBER(C8),ISNUMBER(D8)),D8-C8,"") | F8: {=IF(A8="","",IFERROR(IF(INDEX('2_Participantes'!$E$6:$E$305,MATCH(A8,'2_Participantes'!$A$6:$A$305,0))="","",INDEX('2_Participantes'!$E$6:$E$305,MATCH(A8,'2_Participantes'!$A$6:$A$305,0))),""))} | G8: {=IF(A8="","",IFERROR(IF(INDEX('2_Participantes'!$F$6:$F$305,MATCH(A8,'2_Participantes'!$A$6:$A$305,0))="","",INDEX('2_Participantes'!$F$6:$F$305,MATCH(A8,'2_Participantes'!$A$6:$A$305,0))),"No registrado"))} | H8: {=IF(A8="","",IFERROR(IF(INDEX('2_Participantes'!$L$6:$L$305,MATCH(A8,'2_Participantes'!$A$6:$A$305,0))="","",INDEX('2_Participantes'!$L$6:$L$305,MATCH(A8,'2_Participantes'!$A$6:$A$305,0))),""))} | I8: =IF(A8="","",IF(AND(ISNUMBER(C8),ISNUMBER(D8),G8<>"Excluido"),1,0)) | J8: =IF(A8="","",IF(G8="No registrado","Código ausente en 2_Participantes",IF(AND(ISNUMBER(D8),NOT(ISNUMBER(C8))),"Postest sin pretest (huérfano)",IF(OR(AND(ISNUMBER(C8),OR(C8<Inicio!$C$18,C8>Inicio!$C$19)),AND(ISNUMBER(D8),OR(D8<Inicio!$C$18,D8>Inicio!$C$19))),"Fuera de rango",IF(COUNTIF($A$6:$A$305,A8)>1,"Código duplicado","OK"))))) | L8: Con VD_POST | M8: =COUNT(D6:D305)
A9: GU-TDH-006 | B9: {=IF(A9="","",IFERROR(IF(INDEX('2_Participantes'!$B$6:$B$305,MATCH(A9,'2_Participantes'!$A$6:$A$305,0))="","",INDEX('2_Participantes'!$B$6:$B$305,MATCH(A9,'2_Participantes'!$A$6:$A$305,0))),"No registrado"))} | C9: 75 | D9: 80 | E9: =IF(AND(ISNUMBER(C9),ISNUMBER(D9)),D9-C9,"") | F9: {=IF(A9="","",IFERROR(IF(INDEX('2_Participantes'!$E$6:$E$305,MATCH(A9,'2_Participantes'!$A$6:$A$305,0))="","",INDEX('2_Participantes'!$E$6:$E$305,MATCH(A9,'2_Participantes'!$A$6:$A$305,0))),""))} | G9: {=IF(A9="","",IFERROR(IF(INDEX('2_Participantes'!$F$6:$F$305,MATCH(A9,'2_Participantes'!$A$6:$A$305,0))="","",INDEX('2_Participantes'!$F$6:$F$305,MATCH(A9,'2_Participantes'!$A$6:$A$305,0))),"No registrado"))} | H9: {=IF(A9="","",IFERROR(IF(INDEX('2_Participantes'!$L$6:$L$305,MATCH(A9,'2_Participantes'!$A$6:$A$305,0))="","",INDEX('2_Participantes'!$L$6:$L$305,MATCH(A9,'2_Participantes'!$A$6:$A$305,0))),""))} | I9: =IF(A9="","",IF(AND(ISNUMBER(C9),ISNUMBER(D9),G9<>"Excluido"),1,0)) | J9: =IF(A9="","",IF(G9="No registrado","Código ausente en 2_Participantes",IF(AND(ISNUMBER(D9),NOT(ISNUMBER(C9))),"Postest sin pretest (huérfano)",IF(OR(AND(ISNUMBER(C9),OR(C9<Inicio!$C$18,C9>Inicio!$C$19)),AND(ISNUMBER(D9),OR(D9<Inicio!$C$18,D9>Inicio!$C$19))),"Fuera de rango",IF(COUNTIF($A$6:$A$305,A9)>1,"Código duplicado","OK"))))) | L9: Pares completos analizables | M9: =SUM(I6:I305)
A10: GU-TDH-007 | B10: {=IF(A10="","",IFERROR(IF(INDEX('2_Participantes'!$B$6:$B$305,MATCH(A10,'2_Participantes'!$A$6:$A$305,0))="","",INDEX('2_Participantes'!$B$6:$B$305,MATCH(A10,'2_Participantes'!$A$6:$A$305,0))),"No registrado"))} | C10: 55 | D10: 85 | E10: =IF(AND(ISNUMBER(C10),ISNUMBER(D10)),D10-C10,"") | F10: {=IF(A10="","",IFERROR(IF(INDEX('2_Participantes'!$E$6:$E$305,MATCH(A10,'2_Participantes'!$A$6:$A$305,0))="","",INDEX('2_Participantes'!$E$6:$E$305,MATCH(A10,'2_Participantes'!$A$6:$A$305,0))),""))} | G10: {=IF(A10="","",IFERROR(IF(INDEX('2_Participantes'!$F$6:$F$305,MATCH(A10,'2_Participantes'!$A$6:$A$305,0))="","",INDEX('2_Participantes'!$F$6:$F$305,MATCH(A10,'2_Participantes'!$A$6:$A$305,0))),"No registrado"))} | H10: {=IF(A10="","",IFERROR(IF(INDEX('2_Participantes'!$L$6:$L$305,MATCH(A10,'2_Participantes'!$A$6:$A$305,0))="","",INDEX('2_Participantes'!$L$6:$L$305,MATCH(A10,'2_Participantes'!$A$6:$A$305,0))),""))} | I10: =IF(A10="","",IF(AND(ISNUMBER(C10),ISNUMBER(D10),G10<>"Excluido"),1,0)) | J10: =IF(A10="","",IF(G10="No registrado","Código ausente en 2_Participantes",IF(AND(ISNUMBER(D10),NOT(ISNUMBER(C10))),"Postest sin pretest (huérfano)",IF(OR(AND(ISNUMBER(C10),OR(C10<Inicio!$C$18,C10>Inicio!$C$19)),AND(ISNUMBER(D10),OR(D10<Inicio!$C$18,D10>Inicio!$C$19))),"Fuera de rango",IF(COUNTIF($A$6:$A$305,A10)>1,"Código duplicado","OK"))))) | L10: Códigos duplicados | M10: =COUNTIF(J6:J305,"Código duplicado")
A11: GU-TDH-008 | B11: {=IF(A11="","",IFERROR(IF(INDEX('2_Participantes'!$B$6:$B$305,MATCH(A11,'2_Participantes'!$A$6:$A$305,0))="","",INDEX('2_Participantes'!$B$6:$B$305,MATCH(A11,'2_Participantes'!$A$6:$A$305,0))),"No registrado"))} | C11: 40 | D11: 50 | E11: =IF(AND(ISNUMBER(C11),ISNUMBER(D11)),D11-C11,"") | F11: {=IF(A11="","",IFERROR(IF(INDEX('2_Participantes'!$E$6:$E$305,MATCH(A11,'2_Participantes'!$A$6:$A$305,0))="","",INDEX('2_Participantes'!$E$6:$E$305,MATCH(A11,'2_Participantes'!$A$6:$A$305,0))),""))} | G11: {=IF(A11="","",IFERROR(IF(INDEX('2_Participantes'!$F$6:$F$305,MATCH(A11,'2_Participantes'!$A$6:$A$305,0))="","",INDEX('2_Participantes'!$F$6:$F$305,MATCH(A11,'2_Participantes'!$A$6:$A$305,0))),"No registrado"))} | H11: {=IF(A11="","",IFERROR(IF(INDEX('2_Participantes'!$L$6:$L$305,MATCH(A11,'2_Participantes'!$A$6:$A$305,0))="","",INDEX('2_Participantes'!$L$6:$L$305,MATCH(A11,'2_Participantes'!$A$6:$A$305,0))),""))} | I11: =IF(A11="","",IF(AND(ISNUMBER(C11),ISNUMBER(D11),G11<>"Excluido"),1,0)) | J11: =IF(A11="","",IF(G11="No registrado","Código ausente en 2_Participantes",IF(AND(ISNUMBER(D11),NOT(ISNUMBER(C11))),"Postest sin pretest (huérfano)",IF(OR(AND(ISNUMBER(C11),OR(C11<Inicio!$C$18,C11>Inicio!$C$19)),AND(ISNUMBER(D11),OR(D11<Inicio!$C$18,D11>Inicio!$C$19))),"Fuera de rango",IF(COUNTIF($A$6:$A$305,A11)>1,"Código duplicado","OK"))))) | L11: Postest sin pretest (huérfanos) | M11: =COUNTIF(J6:J305,"Postest sin pretest (huérfano)")
A12: GU-TDH-009 | B12: {=IF(A12="","",IFERROR(IF(INDEX('2_Participantes'!$B$6:$B$305,MATCH(A12,'2_Participantes'!$A$6:$A$305,0))="","",INDEX('2_Participantes'!$B$6:$B$305,MATCH(A12,'2_Participantes'!$A$6:$A$305,0))),"No registrado"))} | C12: 50 | D12: 65 | E12: =IF(AND(ISNUMBER(C12),ISNUMBER(D12)),D12-C12,"") | F12: {=IF(A12="","",IFERROR(IF(INDEX('2_Participantes'!$E$6:$E$305,MATCH(A12,'2_Participantes'!$A$6:$A$305,0))="","",INDEX('2_Participantes'!$E$6:$E$305,MATCH(A12,'2_Participantes'!$A$6:$A$305,0))),""))} | G12: {=IF(A12="","",IFERROR(IF(INDEX('2_Participantes'!$F$6:$F$305,MATCH(A12,'2_Participantes'!$A$6:$A$305,0))="","",INDEX('2_Participantes'!$F$6:$F$305,MATCH(A12,'2_Participantes'!$A$6:$A$305,0))),"No registrado"))} | H12: {=IF(A12="","",IFERROR(IF(INDEX('2_Participantes'!$L$6:$L$305,MATCH(A12,'2_Participantes'!$A$6:$A$305,0))="","",INDEX('2_Participantes'!$L$6:$L$305,MATCH(A12,'2_Participantes'!$A$6:$A$305,0))),""))} | I12: =IF(A12="","",IF(AND(ISNUMBER(C12),ISNUMBER(D12),G12<>"Excluido"),1,0)) | J12: =IF(A12="","",IF(G12="No registrado","Código ausente en 2_Participantes",IF(AND(ISNUMBER(D12),NOT(ISNUMBER(C12))),"Postest sin pretest (huérfano)",IF(OR(AND(ISNUMBER(C12),OR(C12<Inicio!$C$18,C12>Inicio!$C$19)),AND(ISNUMBER(D12),OR(D12<Inicio!$C$18,D12>Inicio!$C$19))),"Fuera de rango",IF(COUNTIF($A$6:$A$305,A12)>1,"Código duplicado","OK"))))) | L12: Valores fuera de rango | M12: =COUNTIF(J6:J305,"Fuera de rango")
A13: GU-TDH-010 | B13: {=IF(A13="","",IFERROR(IF(INDEX('2_Participantes'!$B$6:$B$305,MATCH(A13,'2_Participantes'!$A$6:$A$305,0))="","",INDEX('2_Participantes'!$B$6:$B$305,MATCH(A13,'2_Participantes'!$A$6:$A$305,0))),"No registrado"))} | C13: 80 | D13: 90 | E13: =IF(AND(ISNUMBER(C13),ISNUMBER(D13)),D13-C13,"") | F13: {=IF(A13="","",IFERROR(IF(INDEX('2_Participantes'!$E$6:$E$305,MATCH(A13,'2_Participantes'!$A$6:$A$305,0))="","",INDEX('2_Participantes'!$E$6:$E$305,MATCH(A13,'2_Participantes'!$A$6:$A$305,0))),""))} | G13: {=IF(A13="","",IFERROR(IF(INDEX('2_Participantes'!$F$6:$F$305,MATCH(A13,'2_Participantes'!$A$6:$A$305,0))="","",INDEX('2_Participantes'!$F$6:$F$305,MATCH(A13,'2_Participantes'!$A$6:$A$305,0))),"No registrado"))} | H13: {=IF(A13="","",IFERROR(IF(INDEX('2_Participantes'!$L$6:$L$305,MATCH(A13,'2_Participantes'!$A$6:$A$305,0))="","",INDEX('2_Participantes'!$L$6:$L$305,MATCH(A13,'2_Participantes'!$A$6:$A$305,0))),""))} | I13: =IF(A13="","",IF(AND(ISNUMBER(C13),ISNUMBER(D13),G13<>"Excluido"),1,0)) | J13: =IF(A13="","",IF(G13="No registrado","Código ausente en 2_Participantes",IF(AND(ISNUMBER(D13),NOT(ISNUMBER(C13))),"Postest sin pretest (huérfano)",IF(OR(AND(ISNUMBER(C13),OR(C13<Inicio!$C$18,C13>Inicio!$C$19)),AND(ISNUMBER(D13),OR(D13<Inicio!$C$18,D13>Inicio!$C$19))),"Fuera de rango",IF(COUNTIF($A$6:$A$305,A13)>1,"Código duplicado","OK"))))) | L13: Códigos ausentes en 2_Participantes | M13: =COUNTIF(J6:J305,"Código ausente en 2_Participantes")
A14: GU-TDH-011 | B14: {=IF(A14="","",IFERROR(IF(INDEX('2_Participantes'!$B$6:$B$305,MATCH(A14,'2_Participantes'!$A$6:$A$305,0))="","",INDEX('2_Participantes'!$B$6:$B$305,MATCH(A14,'2_Participantes'!$A$6:$A$305,0))),"No registrado"))} | C14: 30 | D14: 67.5 | E14: =IF(AND(ISNUMBER(C14),ISNUMBER(D14)),D14-C14,"") | F14: {=IF(A14="","",IFERROR(IF(INDEX('2_Participantes'!$E$6:$E$305,MATCH(A14,'2_Participantes'!$A$6:$A$305,0))="","",INDEX('2_Participantes'!$E$6:$E$305,MATCH(A14,'2_Participantes'!$A$6:$A$305,0))),""))} | G14: {=IF(A14="","",IFERROR(IF(INDEX('2_Participantes'!$F$6:$F$305,MATCH(A14,'2_Participantes'!$A$6:$A$305,0))="","",INDEX('2_Participantes'!$F$6:$F$305,MATCH(A14,'2_Participantes'!$A$6:$A$305,0))),"No registrado"))} | H14: {=IF(A14="","",IFERROR(IF(INDEX('2_Participantes'!$L$6:$L$305,MATCH(A14,'2_Participantes'!$A$6:$A$305,0))="","",INDEX('2_Participantes'!$L$6:$L$305,MATCH(A14,'2_Participantes'!$A$6:$A$305,0))),""))} | I14: =IF(A14="","",IF(AND(ISNUMBER(C14),ISNUMBER(D14),G14<>"Excluido"),1,0)) | J14: =IF(A14="","",IF(G14="No registrado","Código ausente en 2_Participantes",IF(AND(ISNUMBER(D14),NOT(ISNUMBER(C14))),"Postest sin pretest (huérfano)",IF(OR(AND(ISNUMBER(C14),OR(C14<Inicio!$C$18,C14>Inicio!$C$19)),AND(ISNUMBER(D14),OR(D14<Inicio!$C$18,D14>Inicio!$C$19))),"Fuera de rango",IF(COUNTIF($A$6:$A$305,A14)>1,"Código duplicado","OK"))))) | L14: Resultado | M14: =IF(SUM(M10:M13)=0,"Base consolidada sin inconsistencias","Corregir las filas marcadas en CONTROL DE CALIDAD")
A15: GU-TDH-012 | B15: {=IF(A15="","",IFERROR(IF(INDEX('2_Participantes'!$B$6:$B$305,MATCH(A15,'2_Participantes'!$A$6:$A$305,0))="","",INDEX('2_Participantes'!$B$6:$B$305,MATCH(A15,'2_Participantes'!$A$6:$A$305,0))),"No registrado"))} | C15: 65 | D15: 80 | E15: =IF(AND(ISNUMBER(C15),ISNUMBER(D15)),D15-C15,"") | F15: {=IF(A15="","",IFERROR(IF(INDEX('2_Participantes'!$E$6:$E$305,MATCH(A15,'2_Participantes'!$A$6:$A$305,0))="","",INDEX('2_Participantes'!$E$6:$E$305,MATCH(A15,'2_Participantes'!$A$6:$A$305,0))),""))} | G15: {=IF(A15="","",IFERROR(IF(INDEX('2_Participantes'!$F$6:$F$305,MATCH(A15,'2_Participantes'!$A$6:$A$305,0))="","",INDEX('2_Participantes'!$F$6:$F$305,MATCH(A15,'2_Participantes'!$A$6:$A$305,0))),"No registrado"))} | H15: {=IF(A15="","",IFERROR(IF(INDEX('2_Participantes'!$L$6:$L$305,MATCH(A15,'2_Participantes'!$A$6:$A$305,0))="","",INDEX('2_Participantes'!$L$6:$L$305,MATCH(A15,'2_Participantes'!$A$6:$A$305,0))),""))} | I15: =IF(A15="","",IF(AND(ISNUMBER(C15),ISNUMBER(D15),G15<>"Excluido"),1,0)) | J15: =IF(A15="","",IF(G15="No registrado","Código ausente en 2_Participantes",IF(AND(ISNUMBER(D15),NOT(ISNUMBER(C15))),"Postest sin pretest (huérfano)",IF(OR(AND(ISNUMBER(C15),OR(C15<Inicio!$C$18,C15>Inicio!$C$19)),AND(ISNUMBER(D15),OR(D15<Inicio!$C$18,D15>Inicio!$C$19))),"Fuera de rango",IF(COUNTIF($A$6:$A$305,A15)>1,"Código duplicado","OK")))))
A16: GU-TDH-014 | B16: {=IF(A16="","",IFERROR(IF(INDEX('2_Participantes'!$B$6:$B$305,MATCH(A16,'2_Participantes'!$A$6:$A$305,0))="","",INDEX('2_Participantes'!$B$6:$B$305,MATCH(A16,'2_Participantes'!$A$6:$A$305,0))),"No registrado"))} | C16: 55 | D16: 65 | E16: =IF(AND(ISNUMBER(C16),ISNUMBER(D16)),D16-C16,"") | F16: {=IF(A16="","",IFERROR(IF(INDEX('2_Participantes'!$E$6:$E$305,MATCH(A16,'2_Participantes'!$A$6:$A$305,0))="","",INDEX('2_Participantes'!$E$6:$E$305,MATCH(A16,'2_Participantes'!$A$6:$A$305,0))),""))} | G16: {=IF(A16="","",IFERROR(IF(INDEX('2_Participantes'!$F$6:$F$305,MATCH(A16,'2_Participantes'!$A$6:$A$305,0))="","",INDEX('2_Participantes'!$F$6:$F$305,MATCH(A16,'2_Participantes'!$A$6:$A$305,0))),"No registrado"))} | H16: {=IF(A16="","",IFERROR(IF(INDEX('2_Participantes'!$L$6:$L$305,MATCH(A16,'2_Participantes'!$A$6:$A$305,0))="","",INDEX('2_Participantes'!$L$6:$L$305,MATCH(A16,'2_Participantes'!$A$6:$A$305,0))),""))} | I16: =IF(A16="","",IF(AND(ISNUMBER(C16),ISNUMBER(D16),G16<>"Excluido"),1,0)) | J16: =IF(A16="","",IF(G16="No registrado","Código ausente en 2_Participantes",IF(AND(ISNUMBER(D16),NOT(ISNUMBER(C16))),"Postest sin pretest (huérfano)",IF(OR(AND(ISNUMBER(C16),OR(C16<Inicio!$C$18,C16>Inicio!$C$19)),AND(ISNUMBER(D16),OR(D16<Inicio!$C$18,D16>Inicio!$C$19))),"Fuera de rango",IF(COUNTIF($A$6:$A$305,A16)>1,"Código duplicado","OK")))))
A17: GU-TDH-015 | B17: {=IF(A17="","",IFERROR(IF(INDEX('2_Participantes'!$B$6:$B$305,MATCH(A17,'2_Participantes'!$A$6:$A$305,0))="","",INDEX('2_Participantes'!$B$6:$B$305,MATCH(A17,'2_Participantes'!$A$6:$A$305,0))),"No registrado"))} | C17: 72.5 | E17: =IF(AND(ISNUMBER(C17),ISNUMBER(D17)),D17-C17,"") | F17: {=IF(A17="","",IFERROR(IF(INDEX('2_Participantes'!$E$6:$E$305,MATCH(A17,'2_Participantes'!$A$6:$A$305,0))="","",INDEX('2_Participantes'!$E$6:$E$305,MATCH(A17,'2_Participantes'!$A$6:$A$305,0))),""))} | G17: {=IF(A17="","",IFERROR(IF(INDEX('2_Participantes'!$F$6:$F$305,MATCH(A17,'2_Participantes'!$A$6:$A$305,0))="","",INDEX('2_Participantes'!$F$6:$F$305,MATCH(A17,'2_Participantes'!$A$6:$A$305,0))),"No registrado"))} | H17: {=IF(A17="","",IFERROR(IF(INDEX('2_Participantes'!$L$6:$L$305,MATCH(A17,'2_Participantes'!$A$6:$A$305,0))="","",INDEX('2_Participantes'!$L$6:$L$305,MATCH(A17,'2_Participantes'!$A$6:$A$305,0))),""))} | I17: =IF(A17="","",IF(AND(ISNUMBER(C17),ISNUMBER(D17),G17<>"Excluido"),1,0)) | J17: =IF(A17="","",IF(G17="No registrado","Código ausente en 2_Participantes",IF(AND(ISNUMBER(D17),NOT(ISNUMBER(C17))),"Postest sin pretest (huérfano)",IF(OR(AND(ISNUMBER(C17),OR(C17<Inicio!$C$18,C17>Inicio!$C$19)),AND(ISNUMBER(D17),OR(D17<Inicio!$C$18,D17>Inicio!$C$19))),"Fuera de rango",IF(COUNTIF($A$6:$A$305,A17)>1,"Código duplicado","OK"))))) | L17: Descriptivos de los pares analizados
A18: GU-TDH-016 | B18: {=IF(A18="","",IFERROR(IF(INDEX('2_Participantes'!$B$6:$B$305,MATCH(A18,'2_Participantes'!$A$6:$A$305,0))="","",INDEX('2_Participantes'!$B$6:$B$305,MATCH(A18,'2_Participantes'!$A$6:$A$305,0))),"No registrado"))} | C18: 42.5 | D18: 82.5 | E18: =IF(AND(ISNUMBER(C18),ISNUMBER(D18)),D18-C18,"") | F18: {=IF(A18="","",IFERROR(IF(INDEX('2_Participantes'!$E$6:$E$305,MATCH(A18,'2_Participantes'!$A$6:$A$305,0))="","",INDEX('2_Participantes'!$E$6:$E$305,MATCH(A18,'2_Participantes'!$A$6:$A$305,0))),""))} | G18: {=IF(A18="","",IFERROR(IF(INDEX('2_Participantes'!$F$6:$F$305,MATCH(A18,'2_Participantes'!$A$6:$A$305,0))="","",INDEX('2_Participantes'!$F$6:$F$305,MATCH(A18,'2_Participantes'!$A$6:$A$305,0))),"No registrado"))} | H18: {=IF(A18="","",IFERROR(IF(INDEX('2_Participantes'!$L$6:$L$305,MATCH(A18,'2_Participantes'!$A$6:$A$305,0))="","",INDEX('2_Participantes'!$L$6:$L$305,MATCH(A18,'2_Participantes'!$A$6:$A$305,0))),""))} | I18: =IF(A18="","",IF(AND(ISNUMBER(C18),ISNUMBER(D18),G18<>"Excluido"),1,0)) | J18: =IF(A18="","",IF(G18="No registrado","Código ausente en 2_Participantes",IF(AND(ISNUMBER(D18),NOT(ISNUMBER(C18))),"Postest sin pretest (huérfano)",IF(OR(AND(ISNUMBER(C18),OR(C18<Inicio!$C$18,C18>Inicio!$C$19)),AND(ISNUMBER(D18),OR(D18<Inicio!$C$18,D18>Inicio!$C$19))),"Fuera de rango",IF(COUNTIF($A$6:$A$305,A18)>1,"Código duplicado","OK"))))) | L18: Grupo | M18: n pares | N18: Media VD_PRE | O18: Media VD_POST | P18: Diferencia de medias | Q18: DE VD_PRE | R18: DE VD_POST
A19: GU-TDH-017 | B19: {=IF(A19="","",IFERROR(IF(INDEX('2_Participantes'!$B$6:$B$305,MATCH(A19,'2_Participantes'!$A$6:$A$305,0))="","",INDEX('2_Participantes'!$B$6:$B$305,MATCH(A19,'2_Participantes'!$A$6:$A$305,0))),"No registrado"))} | C19: 62.5 | D19: 75 | E19: =IF(AND(ISNUMBER(C19),ISNUMBER(D19)),D19-C19,"") | F19: {=IF(A19="","",IFERROR(IF(INDEX('2_Participantes'!$E$6:$E$305,MATCH(A19,'2_Participantes'!$A$6:$A$305,0))="","",INDEX('2_Participantes'!$E$6:$E$305,MATCH(A19,'2_Participantes'!$A$6:$A$305,0))),""))} | G19: {=IF(A19="","",IFERROR(IF(INDEX('2_Participantes'!$F$6:$F$305,MATCH(A19,'2_Participantes'!$A$6:$A$305,0))="","",INDEX('2_Participantes'!$F$6:$F$305,MATCH(A19,'2_Participantes'!$A$6:$A$305,0))),"No registrado"))} | H19: {=IF(A19="","",IFERROR(IF(INDEX('2_Participantes'!$L$6:$L$305,MATCH(A19,'2_Participantes'!$A$6:$A$305,0))="","",INDEX('2_Participantes'!$L$6:$L$305,MATCH(A19,'2_Participantes'!$A$6:$A$305,0))),""))} | I19: =IF(A19="","",IF(AND(ISNUMBER(C19),ISNUMBER(D19),G19<>"Excluido"),1,0)) | J19: =IF(A19="","",IF(G19="No registrado","Código ausente en 2_Participantes",IF(AND(ISNUMBER(D19),NOT(ISNUMBER(C19))),"Postest sin pretest (huérfano)",IF(OR(AND(ISNUMBER(C19),OR(C19<Inicio!$C$18,C19>Inicio!$C$19)),AND(ISNUMBER(D19),OR(D19<Inicio!$C$18,D19>Inicio!$C$19))),"Fuera de rango",IF(COUNTIF($A$6:$A$305,A19)>1,"Código duplicado","OK"))))) | L19: GE | M19: =COUNTIFS(B6:B305,"GE",I6:I305,1) | N19: =IFERROR(AVERAGEIFS(C6:C305,B6:B305,"GE",I6:I305,1),"") | O19: =IFERROR(AVERAGEIFS(D6:D305,B6:B305,"GE",I6:I305,1),"") | P19: =IF(OR(N19="",O19=""),"",O19-N19) | Q19: =IF(M19<2,"",SQRT((SUMPRODUCT((B6:B305="GE")*(I6:I305=1)*(C6:C305)^2)-M19*N19^2)/(M19-1))) | R19: =IF(M19<2,"",SQRT((SUMPRODUCT((B6:B305="GE")*(I6:I305=1)*(D6:D305)^2)-M19*O19^2)/(M19-1)))
A20: GU-TDH-019 | B20: {=IF(A20="","",IFERROR(IF(INDEX('2_Participantes'!$B$6:$B$305,MATCH(A20,'2_Participantes'!$A$6:$A$305,0))="","",INDEX('2_Participantes'!$B$6:$B$305,MATCH(A20,'2_Participantes'!$A$6:$A$305,0))),"No registrado"))} | C20: 67.5 | D20: 85 | E20: =IF(AND(ISNUMBER(C20),ISNUMBER(D20)),D20-C20,"") | F20: {=IF(A20="","",IFERROR(IF(INDEX('2_Participantes'!$E$6:$E$305,MATCH(A20,'2_Participantes'!$A$6:$A$305,0))="","",INDEX('2_Participantes'!$E$6:$E$305,MATCH(A20,'2_Participantes'!$A$6:$A$305,0))),""))} | G20: {=IF(A20="","",IFERROR(IF(INDEX('2_Participantes'!$F$6:$F$305,MATCH(A20,'2_Participantes'!$A$6:$A$305,0))="","",INDEX('2_Participantes'!$F$6:$F$305,MATCH(A20,'2_Participantes'!$A$6:$A$305,0))),"No registrado"))} | H20: {=IF(A20="","",IFERROR(IF(INDEX('2_Participantes'!$L$6:$L$305,MATCH(A20,'2_Participantes'!$A$6:$A$305,0))="","",INDEX('2_Participantes'!$L$6:$L$305,MATCH(A20,'2_Participantes'!$A$6:$A$305,0))),""))} | I20: =IF(A20="","",IF(AND(ISNUMBER(C20),ISNUMBER(D20),G20<>"Excluido"),1,0)) | J20: =IF(A20="","",IF(G20="No registrado","Código ausente en 2_Participantes",IF(AND(ISNUMBER(D20),NOT(ISNUMBER(C20))),"Postest sin pretest (huérfano)",IF(OR(AND(ISNUMBER(C20),OR(C20<Inicio!$C$18,C20>Inicio!$C$19)),AND(ISNUMBER(D20),OR(D20<Inicio!$C$18,D20>Inicio!$C$19))),"Fuera de rango",IF(COUNTIF($A$6:$A$305,A20)>1,"Código duplicado","OK"))))) | L20: GC | M20: =COUNTIFS(B6:B305,"GC",I6:I305,1) | N20: =IFERROR(AVERAGEIFS(C6:C305,B6:B305,"GC",I6:I305,1),"") | O20: =IFERROR(AVERAGEIFS(D6:D305,B6:B305,"GC",I6:I305,1),"") | P20: =IF(OR(N20="",O20=""),"",O20-N20) | Q20: =IF(M20<2,"",SQRT((SUMPRODUCT((B6:B305="GC")*(I6:I305=1)*(C6:C305)^2)-M20*N20^2)/(M20-1))) | R20: =IF(M20<2,"",SQRT((SUMPRODUCT((B6:B305="GC")*(I6:I305=1)*(D6:D305)^2)-M20*O20^2)/(M20-1)))
A21: GU-TDH-020 | B21: {=IF(A21="","",IFERROR(IF(INDEX('2_Participantes'!$B$6:$B$305,MATCH(A21,'2_Participantes'!$A$6:$A$305,0))="","",INDEX('2_Participantes'!$B$6:$B$305,MATCH(A21,'2_Participantes'!$A$6:$A$305,0))),"No registrado"))} | C21: 57.5 | D21: 67.5 | E21: =IF(AND(ISNUMBER(C21),ISNUMBER(D21)),D21-C21,"") | F21: {=IF(A21="","",IFERROR(IF(INDEX('2_Participantes'!$E$6:$E$305,MATCH(A21,'2_Participantes'!$A$6:$A$305,0))="","",INDEX('2_Participantes'!$E$6:$E$305,MATCH(A21,'2_Participantes'!$A$6:$A$305,0))),""))} | G21: {=IF(A21="","",IFERROR(IF(INDEX('2_Participantes'!$F$6:$F$305,MATCH(A21,'2_Participantes'!$A$6:$A$305,0))="","",INDEX('2_Participantes'!$F$6:$F$305,MATCH(A21,'2_Participantes'!$A$6:$A$305,0))),"No registrado"))} | H21: {=IF(A21="","",IFERROR(IF(INDEX('2_Participantes'!$L$6:$L$305,MATCH(A21,'2_Participantes'!$A$6:$A$305,0))="","",INDEX('2_Participantes'!$L$6:$L$305,MATCH(A21,'2_Participantes'!$A$6:$A$305,0))),""))} | I21: =IF(A21="","",IF(AND(ISNUMBER(C21),ISNUMBER(D21),G21<>"Excluido"),1,0)) | J21: =IF(A21="","",IF(G21="No registrado","Código ausente en 2_Participantes",IF(AND(ISNUMBER(D21),NOT(ISNUMBER(C21))),"Postest sin pretest (huérfano)",IF(OR(AND(ISNUMBER(C21),OR(C21<Inicio!$C$18,C21>Inicio!$C$19)),AND(ISNUMBER(D21),OR(D21<Inicio!$C$18,D21>Inicio!$C$19))),"Fuera de rango",IF(COUNTIF($A$6:$A$305,A21)>1,"Código duplicado","OK"))))) | L21: G | M21: =COUNTIFS(B6:B305,"G",I6:I305,1) | N21: =IFERROR(AVERAGEIFS(C6:C305,B6:B305,"G",I6:I305,1),"") | O21: =IFERROR(AVERAGEIFS(D6:D305,B6:B305,"G",I6:I305,1),"") | P21: =IF(OR(N21="",O21=""),"",O21-N21) | Q21: =IF(M21<2,"",SQRT((SUMPRODUCT((B6:B305="G")*(I6:I305=1)*(C6:C305)^2)-M21*N21^2)/(M21-1))) | R21: =IF(M21<2,"",SQRT((SUMPRODUCT((B6:B305="G")*(I6:I305=1)*(D6:D305)^2)-M21*O21^2)/(M21-1)))
A22: GU-TDH-021 | B22: {=IF(A22="","",IFERROR(IF(INDEX('2_Participantes'!$B$6:$B$305,MATCH(A22,'2_Participantes'!$A$6:$A$305,0))="","",INDEX('2_Participantes'!$B$6:$B$305,MATCH(A22,'2_Participantes'!$A$6:$A$305,0))),"No registrado"))} | C22: 55 | D22: 80 | E22: =IF(AND(ISNUMBER(C22),ISNUMBER(D22)),D22-C22,"") | F22: {=IF(A22="","",IFERROR(IF(INDEX('2_Participantes'!$E$6:$E$305,MATCH(A22,'2_Participantes'!$A$6:$A$305,0))="","",INDEX('2_Participantes'!$E$6:$E$305,MATCH(A22,'2_Participantes'!$A$6:$A$305,0))),""))} | G22: {=IF(A22="","",IFERROR(IF(INDEX('2_Participantes'!$F$6:$F$305,MATCH(A22,'2_Participantes'!$A$6:$A$305,0))="","",INDEX('2_Participantes'!$F$6:$F$305,MATCH(A22,'2_Participantes'!$A$6:$A$305,0))),"No registrado"))} | H22: {=IF(A22="","",IFERROR(IF(INDEX('2_Participantes'!$L$6:$L$305,MATCH(A22,'2_Participantes'!$A$6:$A$305,0))="","",INDEX('2_Participantes'!$L$6:$L$305,MATCH(A22,'2_Participantes'!$A$6:$A$305,0))),""))} | I22: =IF(A22="","",IF(AND(ISNUMBER(C22),ISNUMBER(D22),G22<>"Excluido"),1,0)) | J22: =IF(A22="","",IF(G22="No registrado","Código ausente en 2_Participantes",IF(AND(ISNUMBER(D22),NOT(ISNUMBER(C22))),"Postest sin pretest (huérfano)",IF(OR(AND(ISNUMBER(C22),OR(C22<Inicio!$C$18,C22>Inicio!$C$19)),AND(ISNUMBER(D22),OR(D22<Inicio!$C$18,D22>Inicio!$C$19))),"Fuera de rango",IF(COUNTIF($A$6:$A$305,A22)>1,"Código duplicado","OK"))))) | L22: DE = desviación estándar muestral de los pares analizados. La comparación de la línea base de quienes se retiraron frente a quienes completaron (ESTADO = Activo) es el análisis del sesgo por atrición que pide la rúbrica.
A23: GU-TDH-022 | B23: {=IF(A23="","",IFERROR(IF(INDEX('2_Participantes'!$B$6:$B$305,MATCH(A23,'2_Participantes'!$A$6:$A$305,0))="","",INDEX('2_Participantes'!$B$6:$B$305,MATCH(A23,'2_Participantes'!$A$6:$A$305,0))),"No registrado"))} | C23: 52.5 | D23: 87.5 | E23: =IF(AND(ISNUMBER(C23),ISNUMBER(D23)),D23-C23,"") | F23: {=IF(A23="","",IFERROR(IF(INDEX('2_Participantes'!$E$6:$E$305,MATCH(A23,'2_Participantes'!$A$6:$A$305,0))="","",INDEX('2_Participantes'!$E$6:$E$305,MATCH(A23,'2_Participantes'!$A$6:$A$305,0))),""))} | G23: {=IF(A23="","",IFERROR(IF(INDEX('2_Participantes'!$F$6:$F$305,MATCH(A23,'2_Participantes'!$A$6:$A$305,0))="","",INDEX('2_Participantes'!$F$6:$F$305,MATCH(A23,'2_Participantes'!$A$6:$A$305,0))),"No registrado"))} | H23: {=IF(A23="","",IFERROR(IF(INDEX('2_Participantes'!$L$6:$L$305,MATCH(A23,'2_Participantes'!$A$6:$A$305,0))="","",INDEX('2_Participantes'!$L$6:$L$305,MATCH(A23,'2_Participantes'!$A$6:$A$305,0))),""))} | I23: =IF(A23="","",IF(AND(ISNUMBER(C23),ISNUMBER(D23),G23<>"Excluido"),1,0)) | J23: =IF(A23="","",IF(G23="No registrado","Código ausente en 2_Participantes",IF(AND(ISNUMBER(D23),NOT(ISNUMBER(C23))),"Postest sin pretest (huérfano)",IF(OR(AND(ISNUMBER(C23),OR(C23<Inicio!$C$18,C23>Inicio!$C$19)),AND(ISNUMBER(D23),OR(D23<Inicio!$C$18,D23>Inicio!$C$19))),"Fuera de rango",IF(COUNTIF($A$6:$A$305,A23)>1,"Código duplicado","OK")))))
A24: GU-TDH-023 | B24: {=IF(A24="","",IFERROR(IF(INDEX('2_Participantes'!$B$6:$B$305,MATCH(A24,'2_Participantes'!$A$6:$A$305,0))="","",INDEX('2_Participantes'!$B$6:$B$305,MATCH(A24,'2_Participantes'!$A$6:$A$305,0))),"No registrado"))} | C24: 50 | D24: 95 | E24: =IF(AND(ISNUMBER(C24),ISNUMBER(D24)),D24-C24,"") | F24: {=IF(A24="","",IFERROR(IF(INDEX('2_Participantes'!$E$6:$E$305,MATCH(A24,'2_Participantes'!$A$6:$A$305,0))="","",INDEX('2_Participantes'!$E$6:$E$305,MATCH(A24,'2_Participantes'!$A$6:$A$305,0))),""))} | G24: {=IF(A24="","",IFERROR(IF(INDEX('2_Participantes'!$F$6:$F$305,MATCH(A24,'2_Participantes'!$A$6:$A$305,0))="","",INDEX('2_Participantes'!$F$6:$F$305,MATCH(A24,'2_Participantes'!$A$6:$A$305,0))),"No registrado"))} | H24: {=IF(A24="","",IFERROR(IF(INDEX('2_Participantes'!$L$6:$L$305,MATCH(A24,'2_Participantes'!$A$6:$A$305,0))="","",INDEX('2_Participantes'!$L$6:$L$305,MATCH(A24,'2_Participantes'!$A$6:$A$305,0))),""))} | I24: =IF(A24="","",IF(AND(ISNUMBER(C24),ISNUMBER(D24),G24<>"Excluido"),1,0)) | J24: =IF(A24="","",IF(G24="No registrado","Código ausente en 2_Participantes",IF(AND(ISNUMBER(D24),NOT(ISNUMBER(C24))),"Postest sin pretest (huérfano)",IF(OR(AND(ISNUMBER(C24),OR(C24<Inicio!$C$18,C24>Inicio!$C$19)),AND(ISNUMBER(D24),OR(D24<Inicio!$C$18,D24>Inicio!$C$19))),"Fuera de rango",IF(COUNTIF($A$6:$A$305,A24)>1,"Código duplicado","OK"))))) | L24: Grupo | M24: Media VD_PRE de retirados | N24: Media VD_PRE de quienes completaron | O24: Diferencia
A25: GU-TDH-024 | B25: {=IF(A25="","",IFERROR(IF(INDEX('2_Participantes'!$B$6:$B$305,MATCH(A25,'2_Participantes'!$A$6:$A$305,0))="","",INDEX('2_Participantes'!$B$6:$B$305,MATCH(A25,'2_Participantes'!$A$6:$A$305,0))),"No registrado"))} | C25: 57.5 | D25: 80 | E25: =IF(AND(ISNUMBER(C25),ISNUMBER(D25)),D25-C25,"") | F25: {=IF(A25="","",IFERROR(IF(INDEX('2_Participantes'!$E$6:$E$305,MATCH(A25,'2_Participantes'!$A$6:$A$305,0))="","",INDEX('2_Participantes'!$E$6:$E$305,MATCH(A25,'2_Participantes'!$A$6:$A$305,0))),""))} | G25: {=IF(A25="","",IFERROR(IF(INDEX('2_Participantes'!$F$6:$F$305,MATCH(A25,'2_Participantes'!$A$6:$A$305,0))="","",INDEX('2_Participantes'!$F$6:$F$305,MATCH(A25,'2_Participantes'!$A$6:$A$305,0))),"No registrado"))} | H25: {=IF(A25="","",IFERROR(IF(INDEX('2_Participantes'!$L$6:$L$305,MATCH(A25,'2_Participantes'!$A$6:$A$305,0))="","",INDEX('2_Participantes'!$L$6:$L$305,MATCH(A25,'2_Participantes'!$A$6:$A$305,0))),""))} | I25: =IF(A25="","",IF(AND(ISNUMBER(C25),ISNUMBER(D25),G25<>"Excluido"),1,0)) | J25: =IF(A25="","",IF(G25="No registrado","Código ausente en 2_Participantes",IF(AND(ISNUMBER(D25),NOT(ISNUMBER(C25))),"Postest sin pretest (huérfano)",IF(OR(AND(ISNUMBER(C25),OR(C25<Inicio!$C$18,C25>Inicio!$C$19)),AND(ISNUMBER(D25),OR(D25<Inicio!$C$18,D25>Inicio!$C$19))),"Fuera de rango",IF(COUNTIF($A$6:$A$305,A25)>1,"Código duplicado","OK"))))) | L25: GE | M25: =IFERROR(AVERAGEIFS(C6:C305,B6:B305,"GE",G6:G305,"Retirado"),"") | N25: =IFERROR(AVERAGEIFS(C6:C305,B6:B305,"GE",G6:G305,"Activo"),"") | O25: =IF(OR(M25="",N25=""),"",M25-N25)
A26: GU-TDH-025 | B26: {=IF(A26="","",IFERROR(IF(INDEX('2_Participantes'!$B$6:$B$305,MATCH(A26,'2_Participantes'!$A$6:$A$305,0))="","",INDEX('2_Participantes'!$B$6:$B$305,MATCH(A26,'2_Participantes'!$A$6:$A$305,0))),"No registrado"))} | C26: 62.5 | D26: 75 | E26: =IF(AND(ISNUMBER(C26),ISNUMBER(D26)),D26-C26,"") | F26: {=IF(A26="","",IFERROR(IF(INDEX('2_Participantes'!$E$6:$E$305,MATCH(A26,'2_Participantes'!$A$6:$A$305,0))="","",INDEX('2_Participantes'!$E$6:$E$305,MATCH(A26,'2_Participantes'!$A$6:$A$305,0))),""))} | G26: {=IF(A26="","",IFERROR(IF(INDEX('2_Participantes'!$F$6:$F$305,MATCH(A26,'2_Participantes'!$A$6:$A$305,0))="","",INDEX('2_Participantes'!$F$6:$F$305,MATCH(A26,'2_Participantes'!$A$6:$A$305,0))),"No registrado"))} | H26: {=IF(A26="","",IFERROR(IF(INDEX('2_Participantes'!$L$6:$L$305,MATCH(A26,'2_Participantes'!$A$6:$A$305,0))="","",INDEX('2_Participantes'!$L$6:$L$305,MATCH(A26,'2_Participantes'!$A$6:$A$305,0))),""))} | I26: =IF(A26="","",IF(AND(ISNUMBER(C26),ISNUMBER(D26),G26<>"Excluido"),1,0)) | J26: =IF(A26="","",IF(G26="No registrado","Código ausente en 2_Participantes",IF(AND(ISNUMBER(D26),NOT(ISNUMBER(C26))),"Postest sin pretest (huérfano)",IF(OR(AND(ISNUMBER(C26),OR(C26<Inicio!$C$18,C26>Inicio!$C$19)),AND(ISNUMBER(D26),OR(D26<Inicio!$C$18,D26>Inicio!$C$19))),"Fuera de rango",IF(COUNTIF($A$6:$A$305,A26)>1,"Código duplicado","OK"))))) | L26: GC | M26: =IFERROR(AVERAGEIFS(C6:C305,B6:B305,"GC",G6:G305,"Retirado"),"") | N26: =IFERROR(AVERAGEIFS(C6:C305,B6:B305,"GC",G6:G305,"Activo"),"") | O26: =IF(OR(M26="",N26=""),"",M26-N26)
A27: GU-TDH-026 | B27: {=IF(A27="","",IFERROR(IF(INDEX('2_Participantes'!$B$6:$B$305,MATCH(A27,'2_Participantes'!$A$6:$A$305,0))="","",INDEX('2_Participantes'!$B$6:$B$305,MATCH(A27,'2_Participantes'!$A$6:$A$305,0))),"No registrado"))} | C27: 55 | D27: 40 | E27: =IF(AND(ISNUMBER(C27),ISNUMBER(D27)),D27-C27,"") | F27: {=IF(A27="","",IFERROR(IF(INDEX('2_Participantes'!$E$6:$E$305,MATCH(A27,'2_Participantes'!$A$6:$A$305,0))="","",INDEX('2_Participantes'!$E$6:$E$305,MATCH(A27,'2_Participantes'!$A$6:$A$305,0))),""))} | G27: {=IF(A27="","",IFERROR(IF(INDEX('2_Participantes'!$F$6:$F$305,MATCH(A27,'2_Participantes'!$A$6:$A$305,0))="","",INDEX('2_Participantes'!$F$6:$F$305,MATCH(A27,'2_Participantes'!$A$6:$A$305,0))),"No registrado"))} | H27: {=IF(A27="","",IFERROR(IF(INDEX('2_Participantes'!$L$6:$L$305,MATCH(A27,'2_Participantes'!$A$6:$A$305,0))="","",INDEX('2_Participantes'!$L$6:$L$305,MATCH(A27,'2_Participantes'!$A$6:$A$305,0))),""))} | I27: =IF(A27="","",IF(AND(ISNUMBER(C27),ISNUMBER(D27),G27<>"Excluido"),1,0)) | J27: =IF(A27="","",IF(G27="No registrado","Código ausente en 2_Participantes",IF(AND(ISNUMBER(D27),NOT(ISNUMBER(C27))),"Postest sin pretest (huérfano)",IF(OR(AND(ISNUMBER(C27),OR(C27<Inicio!$C$18,C27>Inicio!$C$19)),AND(ISNUMBER(D27),OR(D27<Inicio!$C$18,D27>Inicio!$C$19))),"Fuera de rango",IF(COUNTIF($A$6:$A$305,A27)>1,"Código duplicado","OK"))))) | L27: G | M27: =IFERROR(AVERAGEIFS(C6:C305,B6:B305,"G",G6:G305,"Retirado"),"") | N27: =IFERROR(AVERAGEIFS(C6:C305,B6:B305,"G",G6:G305,"Activo"),"") | O27: =IF(OR(M27="",N27=""),"",M27-N27)
A28: GU-TDH-027 | B28: {=IF(A28="","",IFERROR(IF(INDEX('2_Participantes'!$B$6:$B$305,MATCH(A28,'2_Participantes'!$A$6:$A$305,0))="","",INDEX('2_Participantes'!$B$6:$B$305,MATCH(A28,'2_Participantes'!$A$6:$A$305,0))),"No registrado"))} | C28: 45 | D28: 72.5 | E28: =IF(AND(ISNUMBER(C28),ISNUMBER(D28)),D28-C28,"") | F28: {=IF(A28="","",IFERROR(IF(INDEX('2_Participantes'!$E$6:$E$305,MATCH(A28,'2_Participantes'!$A$6:$A$305,0))="","",INDEX('2_Participantes'!$E$6:$E$305,MATCH(A28,'2_Participantes'!$A$6:$A$305,0))),""))} | G28: {=IF(A28="","",IFERROR(IF(INDEX('2_Participantes'!$F$6:$F$305,MATCH(A28,'2_Participantes'!$A$6:$A$305,0))="","",INDEX('2_Participantes'!$F$6:$F$305,MATCH(A28,'2_Participantes'!$A$6:$A$305,0))),"No registrado"))} | H28: {=IF(A28="","",IFERROR(IF(INDEX('2_Participantes'!$L$6:$L$305,MATCH(A28,'2_Participantes'!$A$6:$A$305,0))="","",INDEX('2_Participantes'!$L$6:$L$305,MATCH(A28,'2_Participantes'!$A$6:$A$305,0))),""))} | I28: =IF(A28="","",IF(AND(ISNUMBER(C28),ISNUMBER(D28),G28<>"Excluido"),1,0)) | J28: =IF(A28="","",IF(G28="No registrado","Código ausente en 2_Participantes",IF(AND(ISNUMBER(D28),NOT(ISNUMBER(C28))),"Postest sin pretest (huérfano)",IF(OR(AND(ISNUMBER(C28),OR(C28<Inicio!$C$18,C28>Inicio!$C$19)),AND(ISNUMBER(D28),OR(D28<Inicio!$C$18,D28>Inicio!$C$19))),"Fuera de rango",IF(COUNTIF($A$6:$A$305,A28)>1,"Código duplicado","OK")))))
A29: GU-TDH-028 | B29: {=IF(A29="","",IFERROR(IF(INDEX('2_Participantes'!$B$6:$B$305,MATCH(A29,'2_Participantes'!$A$6:$A$305,0))="","",INDEX('2_Participantes'!$B$6:$B$305,MATCH(A29,'2_Participantes'!$A$6:$A$305,0))),"No registrado"))} | C29: 52.5 | D29: 70 | E29: =IF(AND(ISNUMBER(C29),ISNUMBER(D29)),D29-C29,"") | F29: {=IF(A29="","",IFERROR(IF(INDEX('2_Participantes'!$E$6:$E$305,MATCH(A29,'2_Participantes'!$A$6:$A$305,0))="","",INDEX('2_Participantes'!$E$6:$E$305,MATCH(A29,'2_Participantes'!$A$6:$A$305,0))),""))} | G29: {=IF(A29="","",IFERROR(IF(INDEX('2_Participantes'!$F$6:$F$305,MATCH(A29,'2_Participantes'!$A$6:$A$305,0))="","",INDEX('2_Participantes'!$F$6:$F$305,MATCH(A29,'2_Participantes'!$A$6:$A$305,0))),"No registrado"))} | H29: {=IF(A29="","",IFERROR(IF(INDEX('2_Participantes'!$L$6:$L$305,MATCH(A29,'2_Participantes'!$A$6:$A$305,0))="","",INDEX('2_Participantes'!$L$6:$L$305,MATCH(A29,'2_Participantes'!$A$6:$A$305,0))),""))} | I29: =IF(A29="","",IF(AND(ISNUMBER(C29),ISNUMBER(D29),G29<>"Excluido"),1,0)) | J29: =IF(A29="","",IF(G29="No registrado","Código ausente en 2_Participantes",IF(AND(ISNUMBER(D29),NOT(ISNUMBER(C29))),"Postest sin pretest (huérfano)",IF(OR(AND(ISNUMBER(C29),OR(C29<Inicio!$C$18,C29>Inicio!$C$19)),AND(ISNUMBER(D29),OR(D29<Inicio!$C$18,D29>Inicio!$C$19))),"Fuera de rango",IF(COUNTIF($A$6:$A$305,A29)>1,"Código duplicado","OK")))))
A30: GU-TDH-029 | B30: {=IF(A30="","",IFERROR(IF(INDEX('2_Participantes'!$B$6:$B$305,MATCH(A30,'2_Participantes'!$A$6:$A$305,0))="","",INDEX('2_Participantes'!$B$6:$B$305,MATCH(A30,'2_Participantes'!$A$6:$A$305,0))),"No registrado"))} | C30: 57.5 | D30: 85 | E30: =IF(AND(ISNUMBER(C30),ISNUMBER(D30)),D30-C30,"") | F30: {=IF(A30="","",IFERROR(IF(INDEX('2_Participantes'!$E$6:$E$305,MATCH(A30,'2_Participantes'!$A$6:$A$305,0))="","",INDEX('2_Participantes'!$E$6:$E$305,MATCH(A30,'2_Participantes'!$A$6:$A$305,0))),""))} | G30: {=IF(A30="","",IFERROR(IF(INDEX('2_Participantes'!$F$6:$F$305,MATCH(A30,'2_Participantes'!$A$6:$A$305,0))="","",INDEX('2_Participantes'!$F$6:$F$305,MATCH(A30,'2_Participantes'!$A$6:$A$305,0))),"No registrado"))} | H30: {=IF(A30="","",IFERROR(IF(INDEX('2_Participantes'!$L$6:$L$305,MATCH(A30,'2_Participantes'!$A$6:$A$305,0))="","",INDEX('2_Participantes'!$L$6:$L$305,MATCH(A30,'2_Participantes'!$A$6:$A$305,0))),""))} | I30: =IF(A30="","",IF(AND(ISNUMBER(C30),ISNUMBER(D30),G30<>"Excluido"),1,0)) | J30: =IF(A30="","",IF(G30="No registrado","Código ausente en 2_Participantes",IF(AND(ISNUMBER(D30),NOT(ISNUMBER(C30))),"Postest sin pretest (huérfano)",IF(OR(AND(ISNUMBER(C30),OR(C30<Inicio!$C$18,C30>Inicio!$C$19)),AND(ISNUMBER(D30),OR(D30<Inicio!$C$18,D30>Inicio!$C$19))),"Fuera de rango",IF(COUNTIF($A$6:$A$305,A30)>1,"Código duplicado","OK")))))
A31: GU-TDH-030 | B31: {=IF(A31="","",IFERROR(IF(INDEX('2_Participantes'!$B$6:$B$305,MATCH(A31,'2_Participantes'!$A$6:$A$305,0))="","",INDEX('2_Participantes'!$B$6:$B$305,MATCH(A31,'2_Participantes'!$A$6:$A$305,0))),"No registrado"))} | C31: 60 | D31: 75 | E31: =IF(AND(ISNUMBER(C31),ISNUMBER(D31)),D31-C31,"") | F31: {=IF(A31="","",IFERROR(IF(INDEX('2_Participantes'!$E$6:$E$305,MATCH(A31,'2_Participantes'!$A$6:$A$305,0))="","",INDEX('2_Participantes'!$E$6:$E$305,MATCH(A31,'2_Participantes'!$A$6:$A$305,0))),""))} | G31: {=IF(A31="","",IFERROR(IF(INDEX('2_Participantes'!$F$6:$F$305,MATCH(A31,'2_Participantes'!$A$6:$A$305,0))="","",INDEX('2_Participantes'!$F$6:$F$305,MATCH(A31,'2_Participantes'!$A$6:$A$305,0))),"No registrado"))} | H31: {=IF(A31="","",IFERROR(IF(INDEX('2_Participantes'!$L$6:$L$305,MATCH(A31,'2_Participantes'!$A$6:$A$305,0))="","",INDEX('2_Participantes'!$L$6:$L$305,MATCH(A31,'2_Participantes'!$A$6:$A$305,0))),""))} | I31: =IF(A31="","",IF(AND(ISNUMBER(C31),ISNUMBER(D31),G31<>"Excluido"),1,0)) | J31: =IF(A31="","",IF(G31="No registrado","Código ausente en 2_Participantes",IF(AND(ISNUMBER(D31),NOT(ISNUMBER(C31))),"Postest sin pretest (huérfano)",IF(OR(AND(ISNUMBER(C31),OR(C31<Inicio!$C$18,C31>Inicio!$C$19)),AND(ISNUMBER(D31),OR(D31<Inicio!$C$18,D31>Inicio!$C$19))),"Fuera de rango",IF(COUNTIF($A$6:$A$305,A31)>1,"Código duplicado","OK")))))
A32: GU-TDH-032 | B32: {=IF(A32="","",IFERROR(IF(INDEX('2_Participantes'!$B$6:$B$305,MATCH(A32,'2_Participantes'!$A$6:$A$305,0))="","",INDEX('2_Participantes'!$B$6:$B$305,MATCH(A32,'2_Participantes'!$A$6:$A$305,0))),"No registrado"))} | C32: 77.5 | D32: 90 | E32: =IF(AND(ISNUMBER(C32),ISNUMBER(D32)),D32-C32,"") | F32: {=IF(A32="","",IFERROR(IF(INDEX('2_Participantes'!$E$6:$E$305,MATCH(A32,'2_Participantes'!$A$6:$A$305,0))="","",INDEX('2_Participantes'!$E$6:$E$305,MATCH(A32,'2_Participantes'!$A$6:$A$305,0))),""))} | G32: {=IF(A32="","",IFERROR(IF(INDEX('2_Participantes'!$F$6:$F$305,MATCH(A32,'2_Participantes'!$A$6:$A$305,0))="","",INDEX('2_Participantes'!$F$6:$F$305,MATCH(A32,'2_Participantes'!$A$6:$A$305,0))),"No registrado"))} | H32: {=IF(A32="","",IFERROR(IF(INDEX('2_Participantes'!$L$6:$L$305,MATCH(A32,'2_Participantes'!$A$6:$A$305,0))="","",INDEX('2_Participantes'!$L$6:$L$305,MATCH(A32,'2_Participantes'!$A$6:$A$305,0))),""))} | I32: =IF(A32="","",IF(AND(ISNUMBER(C32),ISNUMBER(D32),G32<>"Excluido"),1,0)) | J32: =IF(A32="","",IF(G32="No registrado","Código ausente en 2_Participantes",IF(AND(ISNUMBER(D32),NOT(ISNUMBER(C32))),"Postest sin pretest (huérfano)",IF(OR(AND(ISNUMBER(C32),OR(C32<Inicio!$C$18,C32>Inicio!$C$19)),AND(ISNUMBER(D32),OR(D32<Inicio!$C$18,D32>Inicio!$C$19))),"Fuera de rango",IF(COUNTIF($A$6:$A$305,A32)>1,"Código duplicado","OK")))))
A33: GU-TDH-033 | B33: {=IF(A33="","",IFERROR(IF(INDEX('2_Participantes'!$B$6:$B$305,MATCH(A33,'2_Participantes'!$A$6:$A$305,0))="","",INDEX('2_Participantes'!$B$6:$B$305,MATCH(A33,'2_Participantes'!$A$6:$A$305,0))),"No registrado"))} | C33: 67.5 | E33: =IF(AND(ISNUMBER(C33),ISNUMBER(D33)),D33-C33,"") | F33: {=IF(A33="","",IFERROR(IF(INDEX('2_Participantes'!$E$6:$E$305,MATCH(A33,'2_Participantes'!$A$6:$A$305,0))="","",INDEX('2_Participantes'!$E$6:$E$305,MATCH(A33,'2_Participantes'!$A$6:$A$305,0))),""))} | G33: {=IF(A33="","",IFERROR(IF(INDEX('2_Participantes'!$F$6:$F$305,MATCH(A33,'2_Participantes'!$A$6:$A$305,0))="","",INDEX('2_Participantes'!$F$6:$F$305,MATCH(A33,'2_Participantes'!$A$6:$A$305,0))),"No registrado"))} | H33: {=IF(A33="","",IFERROR(IF(INDEX('2_Participantes'!$L$6:$L$305,MATCH(A33,'2_Participantes'!$A$6:$A$305,0))="","",INDEX('2_Participantes'!$L$6:$L$305,MATCH(A33,'2_Participantes'!$A$6:$A$305,0))),""))} | I33: =IF(A33="","",IF(AND(ISNUMBER(C33),ISNUMBER(D33),G33<>"Excluido"),1,0)) | J33: =IF(A33="","",IF(G33="No registrado","Código ausente en 2_Participantes",IF(AND(ISNUMBER(D33),NOT(ISNUMBER(C33))),"Postest sin pretest (huérfano)",IF(OR(AND(ISNUMBER(C33),OR(C33<Inicio!$C$18,C33>Inicio!$C$19)),AND(ISNUMBER(D33),OR(D33<Inicio!$C$18,D33>Inicio!$C$19))),"Fuera de rango",IF(COUNTIF($A$6:$A$305,A33)>1,"Código duplicado","OK")))))
A34: GU-TDH-034 | B34: {=IF(A34="","",IFERROR(IF(INDEX('2_Participantes'!$B$6:$B$305,MATCH(A34,'2_Participantes'!$A$6:$A$305,0))="","",INDEX('2_Participantes'!$B$6:$B$305,MATCH(A34,'2_Participantes'!$A$6:$A$305,0))),"No registrado"))} | C34: 57.5 | D34: 72.5 | E34: =IF(AND(ISNUMBER(C34),ISNUMBER(D34)),D34-C34,"") | F34: {=IF(A34="","",IFERROR(IF(INDEX('2_Participantes'!$E$6:$E$305,MATCH(A34,'2_Participantes'!$A$6:$A$305,0))="","",INDEX('2_Participantes'!$E$6:$E$305,MATCH(A34,'2_Participantes'!$A$6:$A$305,0))),""))} | G34: {=IF(A34="","",IFERROR(IF(INDEX('2_Participantes'!$F$6:$F$305,MATCH(A34,'2_Participantes'!$A$6:$A$305,0))="","",INDEX('2_Participantes'!$F$6:$F$305,MATCH(A34,'2_Participantes'!$A$6:$A$305,0))),"No registrado"))} | H34: {=IF(A34="","",IFERROR(IF(INDEX('2_Participantes'!$L$6:$L$305,MATCH(A34,'2_Participantes'!$A$6:$A$305,0))="","",INDEX('2_Participantes'!$L$6:$L$305,MATCH(A34,'2_Participantes'!$A$6:$A$305,0))),""))} | I34: =IF(A34="","",IF(AND(ISNUMBER(C34),ISNUMBER(D34),G34<>"Excluido"),1,0)) | J34: =IF(A34="","",IF(G34="No registrado","Código ausente en 2_Participantes",IF(AND(ISNUMBER(D34),NOT(ISNUMBER(C34))),"Postest sin pretest (huérfano)",IF(OR(AND(ISNUMBER(C34),OR(C34<Inicio!$C$18,C34>Inicio!$C$19)),AND(ISNUMBER(D34),OR(D34<Inicio!$C$18,D34>Inicio!$C$19))),"Fuera de rango",IF(COUNTIF($A$6:$A$305,A34)>1,"Código duplicado","OK")))))
A35: GU-TDH-035 | B35: {=IF(A35="","",IFERROR(IF(INDEX('2_Participantes'!$B$6:$B$305,MATCH(A35,'2_Participantes'!$A$6:$A$305,0))="","",INDEX('2_Participantes'!$B$6:$B$305,MATCH(A35,'2_Participantes'!$A$6:$A$305,0))),"No registrado"))} | C35: 37.5 | D35: 50 | E35: =IF(AND(ISNUMBER(C35),ISNUMBER(D35)),D35-C35,"") | F35: {=IF(A35="","",IFERROR(IF(INDEX('2_Participantes'!$E$6:$E$305,MATCH(A35,'2_Participantes'!$A$6:$A$305,0))="","",INDEX('2_Participantes'!$E$6:$E$305,MATCH(A35,'2_Participantes'!$A$6:$A$305,0))),""))} | G35: {=IF(A35="","",IFERROR(IF(INDEX('2_Participantes'!$F$6:$F$305,MATCH(A35,'2_Participantes'!$A$6:$A$305,0))="","",INDEX('2_Participantes'!$F$6:$F$305,MATCH(A35,'2_Participantes'!$A$6:$A$305,0))),"No registrado"))} | H35: {=IF(A35="","",IFERROR(IF(INDEX('2_Participantes'!$L$6:$L$305,MATCH(A35,'2_Participantes'!$A$6:$A$305,0))="","",INDEX('2_Participantes'!$L$6:$L$305,MATCH(A35,'2_Participantes'!$A$6:$A$305,0))),""))} | I35: =IF(A35="","",IF(AND(ISNUMBER(C35),ISNUMBER(D35),G35<>"Excluido"),1,0)) | J35: =IF(A35="","",IF(G35="No registrado","Código ausente en 2_Participantes",IF(AND(ISNUMBER(D35),NOT(ISNUMBER(C35))),"Postest sin pretest (huérfano)",IF(OR(AND(ISNUMBER(C35),OR(C35<Inicio!$C$18,C35>Inicio!$C$19)),AND(ISNUMBER(D35),OR(D35<Inicio!$C$18,D35>Inicio!$C$19))),"Fuera de rango",IF(COUNTIF($A$6:$A$305,A35)>1,"Código duplicado","OK")))))
A36: GU-TDH-036 | B36: {=IF(A36="","",IFERROR(IF(INDEX('2_Participantes'!$B$6:$B$305,MATCH(A36,'2_Participantes'!$A$6:$A$305,0))="","",INDEX('2_Participantes'!$B$6:$B$305,MATCH(A36,'2_Participantes'!$A$6:$A$305,0))),"No registrado"))} | C36: 50 | D36: 47.5 | E36: =IF(AND(ISNUMBER(C36),ISNUMBER(D36)),D36-C36,"") | F36: {=IF(A36="","",IFERROR(IF(INDEX('2_Participantes'!$E$6:$E$305,MATCH(A36,'2_Participantes'!$A$6:$A$305,0))="","",INDEX('2_Participantes'!$E$6:$E$305,MATCH(A36,'2_Participantes'!$A$6:$A$305,0))),""))} | G36: {=IF(A36="","",IFERROR(IF(INDEX('2_Participantes'!$F$6:$F$305,MATCH(A36,'2_Participantes'!$A$6:$A$305,0))="","",INDEX('2_Participantes'!$F$6:$F$305,MATCH(A36,'2_Participantes'!$A$6:$A$305,0))),"No registrado"))} | H36: {=IF(A36="","",IFERROR(IF(INDEX('2_Participantes'!$L$6:$L$305,MATCH(A36,'2_Participantes'!$A$6:$A$305,0))="","",INDEX('2_Participantes'!$L$6:$L$305,MATCH(A36,'2_Participantes'!$A$6:$A$305,0))),""))} | I36: =IF(A36="","",IF(AND(ISNUMBER(C36),ISNUMBER(D36),G36<>"Excluido"),1,0)) | J36: =IF(A36="","",IF(G36="No registrado","Código ausente en 2_Participantes",IF(AND(ISNUMBER(D36),NOT(ISNUMBER(C36))),"Postest sin pretest (huérfano)",IF(OR(AND(ISNUMBER(C36),OR(C36<Inicio!$C$18,C36>Inicio!$C$19)),AND(ISNUMBER(D36),OR(D36<Inicio!$C$18,D36>Inicio!$C$19))),"Fuera de rango",IF(COUNTIF($A$6:$A$305,A36)>1,"Código duplicado","OK")))))
A37: GU-TDH-038 | B37: {=IF(A37="","",IFERROR(IF(INDEX('2_Participantes'!$B$6:$B$305,MATCH(A37,'2_Participantes'!$A$6:$A$305,0))="","",INDEX('2_Participantes'!$B$6:$B$305,MATCH(A37,'2_Participantes'!$A$6:$A$305,0))),"No registrado"))} | C37: 62.5 | D37: 65 | E37: =IF(AND(ISNUMBER(C37),ISNUMBER(D37)),D37-C37,"") | F37: {=IF(A37="","",IFERROR(IF(INDEX('2_Participantes'!$E$6:$E$305,MATCH(A37,'2_Participantes'!$A$6:$A$305,0))="","",INDEX('2_Participantes'!$E$6:$E$305,MATCH(A37,'2_Participantes'!$A$6:$A$305,0))),""))} | G37: {=IF(A37="","",IFERROR(IF(INDEX('2_Participantes'!$F$6:$F$305,MATCH(A37,'2_Participantes'!$A$6:$A$305,0))="","",INDEX('2_Participantes'!$F$6:$F$305,MATCH(A37,'2_Participantes'!$A$6:$A$305,0))),"No registrado"))} | H37: {=IF(A37="","",IFERROR(IF(INDEX('2_Participantes'!$L$6:$L$305,MATCH(A37,'2_Participantes'!$A$6:$A$305,0))="","",INDEX('2_Participantes'!$L$6:$L$305,MATCH(A37,'2_Participantes'!$A$6:$A$305,0))),""))} | I37: =IF(A37="","",IF(AND(ISNUMBER(C37),ISNUMBER(D37),G37<>"Excluido"),1,0)) | J37: =IF(A37="","",IF(G37="No registrado","Código ausente en 2_Participantes",IF(AND(ISNUMBER(D37),NOT(ISNUMBER(C37))),"Postest sin pretest (huérfano)",IF(OR(AND(ISNUMBER(C37),OR(C37<Inicio!$C$18,C37>Inicio!$C$19)),AND(ISNUMBER(D37),OR(D37<Inicio!$C$18,D37>Inicio!$C$19))),"Fuera de rango",IF(COUNTIF($A$6:$A$305,A37)>1,"Código duplicado","OK")))))
A38: GU-TDH-039 | B38: {=IF(A38="","",IFERROR(IF(INDEX('2_Participantes'!$B$6:$B$305,MATCH(A38,'2_Participantes'!$A$6:$A$305,0))="","",INDEX('2_Participantes'!$B$6:$B$305,MATCH(A38,'2_Participantes'!$A$6:$A$305,0))),"No registrado"))} | C38: 35 | D38: 47.5 | E38: =IF(AND(ISNUMBER(C38),ISNUMBER(D38)),D38-C38,"") | F38: {=IF(A38="","",IFERROR(IF(INDEX('2_Participantes'!$E$6:$E$305,MATCH(A38,'2_Participantes'!$A$6:$A$305,0))="","",INDEX('2_Participantes'!$E$6:$E$305,MATCH(A38,'2_Participantes'!$A$6:$A$305,0))),""))} | G38: {=IF(A38="","",IFERROR(IF(INDEX('2_Participantes'!$F$6:$F$305,MATCH(A38,'2_Participantes'!$A$6:$A$305,0))="","",INDEX('2_Participantes'!$F$6:$F$305,MATCH(A38,'2_Participantes'!$A$6:$A$305,0))),"No registrado"))} | H38: {=IF(A38="","",IFERROR(IF(INDEX('2_Participantes'!$L$6:$L$305,MATCH(A38,'2_Participantes'!$A$6:$A$305,0))="","",INDEX('2_Participantes'!$L$6:$L$305,MATCH(A38,'2_Participantes'!$A$6:$A$305,0))),""))} | I38: =IF(A38="","",IF(AND(ISNUMBER(C38),ISNUMBER(D38),G38<>"Excluido"),1,0)) | J38: =IF(A38="","",IF(G38="No registrado","Código ausente en 2_Participantes",IF(AND(ISNUMBER(D38),NOT(ISNUMBER(C38))),"Postest sin pretest (huérfano)",IF(OR(AND(ISNUMBER(C38),OR(C38<Inicio!$C$18,C38>Inicio!$C$19)),AND(ISNUMBER(D38),OR(D38<Inicio!$C$18,D38>Inicio!$C$19))),"Fuera de rango",IF(COUNTIF($A$6:$A$305,A38)>1,"Código duplicado","OK")))))
A39: GU-TDH-040 | B39: {=IF(A39="","",IFERROR(IF(INDEX('2_Participantes'!$B$6:$B$305,MATCH(A39,'2_Participantes'!$A$6:$A$305,0))="","",INDEX('2_Participantes'!$B$6:$B$305,MATCH(A39,'2_Participantes'!$A$6:$A$305,0))),"No registrado"))} | C39: 45 | D39: 50 | E39: =IF(AND(ISNUMBER(C39),ISNUMBER(D39)),D39-C39,"") | F39: {=IF(A39="","",IFERROR(IF(INDEX('2_Participantes'!$E$6:$E$305,MATCH(A39,'2_Participantes'!$A$6:$A$305,0))="","",INDEX('2_Participantes'!$E$6:$E$305,MATCH(A39,'2_Participantes'!$A$6:$A$305,0))),""))} | G39: {=IF(A39="","",IFERROR(IF(INDEX('2_Participantes'!$F$6:$F$305,MATCH(A39,'2_Participantes'!$A$6:$A$305,0))="","",INDEX('2_Participantes'!$F$6:$F$305,MATCH(A39,'2_Participantes'!$A$6:$A$305,0))),"No registrado"))} | H39: {=IF(A39="","",IFERROR(IF(INDEX('2_Participantes'!$L$6:$L$305,MATCH(A39,'2_Participantes'!$A$6:$A$305,0))="","",INDEX('2_Participantes'!$L$6:$L$305,MATCH(A39,'2_Participantes'!$A$6:$A$305,0))),""))} | I39: =IF(A39="","",IF(AND(ISNUMBER(C39),ISNUMBER(D39),G39<>"Excluido"),1,0)) | J39: =IF(A39="","",IF(G39="No registrado","Código ausente en 2_Participantes",IF(AND(ISNUMBER(D39),NOT(ISNUMBER(C39))),"Postest sin pretest (huérfano)",IF(OR(AND(ISNUMBER(C39),OR(C39<Inicio!$C$18,C39>Inicio!$C$19)),AND(ISNUMBER(D39),OR(D39<Inicio!$C$18,D39>Inicio!$C$19))),"Fuera de rango",IF(COUNTIF($A$6:$A$305,A39)>1,"Código duplicado","OK")))))
A40: GU-TDH-041 | B40: {=IF(A40="","",IFERROR(IF(INDEX('2_Participantes'!$B$6:$B$305,MATCH(A40,'2_Participantes'!$A$6:$A$305,0))="","",INDEX('2_Participantes'!$B$6:$B$305,MATCH(A40,'2_Participantes'!$A$6:$A$305,0))),"No registrado"))} | C40: 67.5 | D40: 75 | E40: =IF(AND(ISNUMBER(C40),ISNUMBER(D40)),D40-C40,"") | F40: {=IF(A40="","",IFERROR(IF(INDEX('2_Participantes'!$E$6:$E$305,MATCH(A40,'2_Participantes'!$A$6:$A$305,0))="","",INDEX('2_Participantes'!$E$6:$E$305,MATCH(A40,'2_Participantes'!$A$6:$A$305,0))),""))} | G40: {=IF(A40="","",IFERROR(IF(INDEX('2_Participantes'!$F$6:$F$305,MATCH(A40,'2_Participantes'!$A$6:$A$305,0))="","",INDEX('2_Participantes'!$F$6:$F$305,MATCH(A40,'2_Participantes'!$A$6:$A$305,0))),"No registrado"))} | H40: {=IF(A40="","",IFERROR(IF(INDEX('2_Participantes'!$L$6:$L$305,MATCH(A40,'2_Participantes'!$A$6:$A$305,0))="","",INDEX('2_Participantes'!$L$6:$L$305,MATCH(A40,'2_Participantes'!$A$6:$A$305,0))),""))} | I40: =IF(A40="","",IF(AND(ISNUMBER(C40),ISNUMBER(D40),G40<>"Excluido"),1,0)) | J40: =IF(A40="","",IF(G40="No registrado","Código ausente en 2_Participantes",IF(AND(ISNUMBER(D40),NOT(ISNUMBER(C40))),"Postest sin pretest (huérfano)",IF(OR(AND(ISNUMBER(C40),OR(C40<Inicio!$C$18,C40>Inicio!$C$19)),AND(ISNUMBER(D40),OR(D40<Inicio!$C$18,D40>Inicio!$C$19))),"Fuera de rango",IF(COUNTIF($A$6:$A$305,A40)>1,"Código duplicado","OK")))))
A41: GU-TDH-042 | B41: {=IF(A41="","",IFERROR(IF(INDEX('2_Participantes'!$B$6:$B$305,MATCH(A41,'2_Participantes'!$A$6:$A$305,0))="","",INDEX('2_Participantes'!$B$6:$B$305,MATCH(A41,'2_Participantes'!$A$6:$A$305,0))),"No registrado"))} | C41: 75 | D41: 95 | E41: =IF(AND(ISNUMBER(C41),ISNUMBER(D41)),D41-C41,"") | F41: {=IF(A41="","",IFERROR(IF(INDEX('2_Participantes'!$E$6:$E$305,MATCH(A41,'2_Participantes'!$A$6:$A$305,0))="","",INDEX('2_Participantes'!$E$6:$E$305,MATCH(A41,'2_Participantes'!$A$6:$A$305,0))),""))} | G41: {=IF(A41="","",IFERROR(IF(INDEX('2_Participantes'!$F$6:$F$305,MATCH(A41,'2_Participantes'!$A$6:$A$305,0))="","",INDEX('2_Participantes'!$F$6:$F$305,MATCH(A41,'2_Participantes'!$A$6:$A$305,0))),"No registrado"))} | H41: {=IF(A41="","",IFERROR(IF(INDEX('2_Participantes'!$L$6:$L$305,MATCH(A41,'2_Participantes'!$A$6:$A$305,0))="","",INDEX('2_Participantes'!$L$6:$L$305,MATCH(A41,'2_Participantes'!$A$6:$A$305,0))),""))} | I41: =IF(A41="","",IF(AND(ISNUMBER(C41),ISNUMBER(D41),G41<>"Excluido"),1,0)) | J41: =IF(A41="","",IF(G41="No registrado","Código ausente en 2_Participantes",IF(AND(ISNUMBER(D41),NOT(ISNUMBER(C41))),"Postest sin pretest (huérfano)",IF(OR(AND(ISNUMBER(C41),OR(C41<Inicio!$C$18,C41>Inicio!$C$19)),AND(ISNUMBER(D41),OR(D41<Inicio!$C$18,D41>Inicio!$C$19))),"Fuera de rango",IF(COUNTIF($A$6:$A$305,A41)>1,"Código duplicado","OK")))))
A42: GU-TDH-043 | B42: {=IF(A42="","",IFERROR(IF(INDEX('2_Participantes'!$B$6:$B$305,MATCH(A42,'2_Participantes'!$A$6:$A$305,0))="","",INDEX('2_Participantes'!$B$6:$B$305,MATCH(A42,'2_Participantes'!$A$6:$A$305,0))),"No registrado"))} | C42: 32.5 | D42: 70 | E42: =IF(AND(ISNUMBER(C42),ISNUMBER(D42)),D42-C42,"") | F42: {=IF(A42="","",IFERROR(IF(INDEX('2_Participantes'!$E$6:$E$305,MATCH(A42,'2_Participantes'!$A$6:$A$305,0))="","",INDEX('2_Participantes'!$E$6:$E$305,MATCH(A42,'2_Participantes'!$A$6:$A$305,0))),""))} | G42: {=IF(A42="","",IFERROR(IF(INDEX('2_Participantes'!$F$6:$F$305,MATCH(A42,'2_Participantes'!$A$6:$A$305,0))="","",INDEX('2_Participantes'!$F$6:$F$305,MATCH(A42,'2_Participantes'!$A$6:$A$305,0))),"No registrado"))} | H42: {=IF(A42="","",IFERROR(IF(INDEX('2_Participantes'!$L$6:$L$305,MATCH(A42,'2_Participantes'!$A$6:$A$305,0))="","",INDEX('2_Participantes'!$L$6:$L$305,MATCH(A42,'2_Participantes'!$A$6:$A$305,0))),""))} | I42: =IF(A42="","",IF(AND(ISNUMBER(C42),ISNUMBER(D42),G42<>"Excluido"),1,0)) | J42: =IF(A42="","",IF(G42="No registrado","Código ausente en 2_Participantes",IF(AND(ISNUMBER(D42),NOT(ISNUMBER(C42))),"Postest sin pretest (huérfano)",IF(OR(AND(ISNUMBER(C42),OR(C42<Inicio!$C$18,C42>Inicio!$C$19)),AND(ISNUMBER(D42),OR(D42<Inicio!$C$18,D42>Inicio!$C$19))),"Fuera de rango",IF(COUNTIF($A$6:$A$305,A42)>1,"Código duplicado","OK")))))
A43: GU-TDH-045 | B43: {=IF(A43="","",IFERROR(IF(INDEX('2_Participantes'!$B$6:$B$305,MATCH(A43,'2_Participantes'!$A$6:$A$305,0))="","",INDEX('2_Participantes'!$B$6:$B$305,MATCH(A43,'2_Participantes'!$A$6:$A$305,0))),"No registrado"))} | C43: 65 | D43: 75 | E43: =IF(AND(ISNUMBER(C43),ISNUMBER(D43)),D43-C43,"") | F43: {=IF(A43="","",IFERROR(IF(INDEX('2_Participantes'!$E$6:$E$305,MATCH(A43,'2_Participantes'!$A$6:$A$305,0))="","",INDEX('2_Participantes'!$E$6:$E$305,MATCH(A43,'2_Participantes'!$A$6:$A$305,0))),""))} | G43: {=IF(A43="","",IFERROR(IF(INDEX('2_Participantes'!$F$6:$F$305,MATCH(A43,'2_Participantes'!$A$6:$A$305,0))="","",INDEX('2_Participantes'!$F$6:$F$305,MATCH(A43,'2_Participantes'!$A$6:$A$305,0))),"No registrado"))} | H43: {=IF(A43="","",IFERROR(IF(INDEX('2_Participantes'!$L$6:$L$305,MATCH(A43,'2_Participantes'!$A$6:$A$305,0))="","",INDEX('2_Participantes'!$L$6:$L$305,MATCH(A43,'2_Participantes'!$A$6:$A$305,0))),""))} | I43: =IF(A43="","",IF(AND(ISNUMBER(C43),ISNUMBER(D43),G43<>"Excluido"),1,0)) | J43: =IF(A43="","",IF(G43="No registrado","Código ausente en 2_Participantes",IF(AND(ISNUMBER(D43),NOT(ISNUMBER(C43))),"Postest sin pretest (huérfano)",IF(OR(AND(ISNUMBER(C43),OR(C43<Inicio!$C$18,C43>Inicio!$C$19)),AND(ISNUMBER(D43),OR(D43<Inicio!$C$18,D43>Inicio!$C$19))),"Fuera de rango",IF(COUNTIF($A$6:$A$305,A43)>1,"Código duplicado","OK")))))
B44: {=IF(A44="","",IFERROR(IF(INDEX('2_Participantes'!$B$6:$B$305,MATCH(A44,'2_Participantes'!$A$6:$A$305,0))="","",INDEX('2_Participantes'!$B$6:$B$305,MATCH(A44,'2_Participantes'!$A$6:$A$305,0))),"No registrado"))} | E44: =IF(AND(ISNUMBER(C44),ISNUMBER(D44)),D44-C44,"") | F44: {=IF(A44="","",IFERROR(IF(INDEX('2_Participantes'!$E$6:$E$305,MATCH(A44,'2_Participantes'!$A$6:$A$305,0))="","",INDEX('2_Participantes'!$E$6:$E$305,MATCH(A44,'2_Participantes'!$A$6:$A$305,0))),""))} | G44: {=IF(A44="","",IFERROR(IF(INDEX('2_Participantes'!$F$6:$F$305,MATCH(A44,'2_Participantes'!$A$6:$A$305,0))="","",INDEX('2_Participantes'!$F$6:$F$305,MATCH(A44,'2_Participantes'!$A$6:$A$305,0))),"No registrado"))} | H44: {=IF(A44="","",IFERROR(IF(INDEX('2_Participantes'!$L$6:$L$305,MATCH(A44,'2_Participantes'!$A$6:$A$305,0))="","",INDEX('2_Participantes'!$L$6:$L$305,MATCH(A44,'2_Participantes'!$A$6:$A$305,0))),""))} | I44: =IF(A44="","",IF(AND(ISNUMBER(C44),ISNUMBER(D44),G44<>"Excluido"),1,0)) | J44: =IF(A44="","",IF(G44="No registrado","Código ausente en 2_Participantes",IF(AND(ISNUMBER(D44),NOT(ISNUMBER(C44))),"Postest sin pretest (huérfano)",IF(OR(AND(ISNUMBER(C44),OR(C44<Inicio!$C$18,C44>Inicio!$C$19)),AND(ISNUMBER(D44),OR(D44<Inicio!$C$18,D44>Inicio!$C$19))),"Fuera de rango",IF(COUNTIF($A$6:$A$305,A44)>1,"Código duplicado","OK")))))
A45: GU-TDH-047 | B45: {=IF(A45="","",IFERROR(IF(INDEX('2_Participantes'!$B$6:$B$305,MATCH(A45,'2_Participantes'!$A$6:$A$305,0))="","",INDEX('2_Participantes'!$B$6:$B$305,MATCH(A45,'2_Participantes'!$A$6:$A$305,0))),"No registrado"))} | C45: 30 | D45: 87.5 | E45: =IF(AND(ISNUMBER(C45),ISNUMBER(D45)),D45-C45,"") | F45: {=IF(A45="","",IFERROR(IF(INDEX('2_Participantes'!$E$6:$E$305,MATCH(A45,'2_Participantes'!$A$6:$A$305,0))="","",INDEX('2_Participantes'!$E$6:$E$305,MATCH(A45,'2_Participantes'!$A$6:$A$305,0))),""))} | G45: {=IF(A45="","",IFERROR(IF(INDEX('2_Participantes'!$F$6:$F$305,MATCH(A45,'2_Participantes'!$A$6:$A$305,0))="","",INDEX('2_Participantes'!$F$6:$F$305,MATCH(A45,'2_Participantes'!$A$6:$A$305,0))),"No registrado"))} | H45: {=IF(A45="","",IFERROR(IF(INDEX('2_Participantes'!$L$6:$L$305,MATCH(A45,'2_Participantes'!$A$6:$A$305,0))="","",INDEX('2_Participantes'!$L$6:$L$305,MATCH(A45,'2_Participantes'!$A$6:$A$305,0))),""))} | I45: =IF(A45="","",IF(AND(ISNUMBER(C45),ISNUMBER(D45),G45<>"Excluido"),1,0)) | J45: =IF(A45="","",IF(G45="No registrado","Código ausente en 2_Participantes",IF(AND(ISNUMBER(D45),NOT(ISNUMBER(C45))),"Postest sin pretest (huérfano)",IF(OR(AND(ISNUMBER(C45),OR(C45<Inicio!$C$18,C45>Inicio!$C$19)),AND(ISNUMBER(D45),OR(D45<Inicio!$C$18,D45>Inicio!$C$19))),"Fuera de rango",IF(COUNTIF($A$6:$A$305,A45)>1,"Código duplicado","OK")))))
A46: GU-TDH-048 | B46: {=IF(A46="","",IFERROR(IF(INDEX('2_Participantes'!$B$6:$B$305,MATCH(A46,'2_Participantes'!$A$6:$A$305,0))="","",INDEX('2_Participantes'!$B$6:$B$305,MATCH(A46,'2_Participantes'!$A$6:$A$305,0))),"No registrado"))} | C46: 55 | D46: 75 | E46: =IF(AND(ISNUMBER(C46),ISNUMBER(D46)),D46-C46,"") | F46: {=IF(A46="","",IFERROR(IF(INDEX('2_Participantes'!$E$6:$E$305,MATCH(A46,'2_Participantes'!$A$6:$A$305,0))="","",INDEX('2_Participantes'!$E$6:$E$305,MATCH(A46,'2_Participantes'!$A$6:$A$305,0))),""))} | G46: {=IF(A46="","",IFERROR(IF(INDEX('2_Participantes'!$F$6:$F$305,MATCH(A46,'2_Participantes'!$A$6:$A$305,0))="","",INDEX('2_Participantes'!$F$6:$F$305,MATCH(A46,'2_Participantes'!$A$6:$A$305,0))),"No registrado"))} | H46: {=IF(A46="","",IFERROR(IF(INDEX('2_Participantes'!$L$6:$L$305,MATCH(A46,'2_Participantes'!$A$6:$A$305,0))="","",INDEX('2_Participantes'!$L$6:$L$305,MATCH(A46,'2_Participantes'!$A$6:$A$305,0))),""))} | I46: =IF(A46="","",IF(AND(ISNUMBER(C46),ISNUMBER(D46),G46<>"Excluido"),1,0)) | J46: =IF(A46="","",IF(G46="No registrado","Código ausente en 2_Participantes",IF(AND(ISNUMBER(D46),NOT(ISNUMBER(C46))),"Postest sin pretest (huérfano)",IF(OR(AND(ISNUMBER(C46),OR(C46<Inicio!$C$18,C46>Inicio!$C$19)),AND(ISNUMBER(D46),OR(D46<Inicio!$C$18,D46>Inicio!$C$19))),"Fuera de rango",IF(COUNTIF($A$6:$A$305,A46)>1,"Código duplicado","OK")))))
A47: GU-TDH-049 | B47: {=IF(A47="","",IFERROR(IF(INDEX('2_Participantes'!$B$6:$B$305,MATCH(A47,'2_Participantes'!$A$6:$A$305,0))="","",INDEX('2_Participantes'!$B$6:$B$305,MATCH(A47,'2_Participantes'!$A$6:$A$305,0))),"No registrado"))} | C47: 45 | D47: 80 | E47: =IF(AND(ISNUMBER(C47),ISNUMBER(D47)),D47-C47,"") | F47: {=IF(A47="","",IFERROR(IF(INDEX('2_Participantes'!$E$6:$E$305,MATCH(A47,'2_Participantes'!$A$6:$A$305,0))="","",INDEX('2_Participantes'!$E$6:$E$305,MATCH(A47,'2_Participantes'!$A$6:$A$305,0))),""))} | G47: {=IF(A47="","",IFERROR(IF(INDEX('2_Participantes'!$F$6:$F$305,MATCH(A47,'2_Participantes'!$A$6:$A$305,0))="","",INDEX('2_Participantes'!$F$6:$F$305,MATCH(A47,'2_Participantes'!$A$6:$A$305,0))),"No registrado"))} | H47: {=IF(A47="","",IFERROR(IF(INDEX('2_Participantes'!$L$6:$L$305,MATCH(A47,'2_Participantes'!$A$6:$A$305,0))="","",INDEX('2_Participantes'!$L$6:$L$305,MATCH(A47,'2_Participantes'!$A$6:$A$305,0))),""))} | I47: =IF(A47="","",IF(AND(ISNUMBER(C47),ISNUMBER(D47),G47<>"Excluido"),1,0)) | J47: =IF(A47="","",IF(G47="No registrado","Código ausente en 2_Participantes",IF(AND(ISNUMBER(D47),NOT(ISNUMBER(C47))),"Postest sin pretest (huérfano)",IF(OR(AND(ISNUMBER(C47),OR(C47<Inicio!$C$18,C47>Inicio!$C$19)),AND(ISNUMBER(D47),OR(D47<Inicio!$C$18,D47>Inicio!$C$19))),"Fuera de rango",IF(COUNTIF($A$6:$A$305,A47)>1,"Código duplicado","OK")))))
A48: GU-TDH-050 | B48: {=IF(A48="","",IFERROR(IF(INDEX('2_Participantes'!$B$6:$B$305,MATCH(A48,'2_Participantes'!$A$6:$A$305,0))="","",INDEX('2_Participantes'!$B$6:$B$305,MATCH(A48,'2_Participantes'!$A$6:$A$305,0))),"No registrado"))} | C48: 40 | D48: 70 | E48: =IF(AND(ISNUMBER(C48),ISNUMBER(D48)),D48-C48,"") | F48: {=IF(A48="","",IFERROR(IF(INDEX('2_Participantes'!$E$6:$E$305,MATCH(A48,'2_Participantes'!$A$6:$A$305,0))="","",INDEX('2_Participantes'!$E$6:$E$305,MATCH(A48,'2_Participantes'!$A$6:$A$305,0))),""))} | G48: {=IF(A48="","",IFERROR(IF(INDEX('2_Participantes'!$F$6:$F$305,MATCH(A48,'2_Participantes'!$A$6:$A$305,0))="","",INDEX('2_Participantes'!$F$6:$F$305,MATCH(A48,'2_Participantes'!$A$6:$A$305,0))),"No registrado"))} | H48: {=IF(A48="","",IFERROR(IF(INDEX('2_Participantes'!$L$6:$L$305,MATCH(A48,'2_Participantes'!$A$6:$A$305,0))="","",INDEX('2_Participantes'!$L$6:$L$305,MATCH(A48,'2_Participantes'!$A$6:$A$305,0))),""))} | I48: =IF(A48="","",IF(AND(ISNUMBER(C48),ISNUMBER(D48),G48<>"Excluido"),1,0)) | J48: =IF(A48="","",IF(G48="No registrado","Código ausente en 2_Participantes",IF(AND(ISNUMBER(D48),NOT(ISNUMBER(C48))),"Postest sin pretest (huérfano)",IF(OR(AND(ISNUMBER(C48),OR(C48<Inicio!$C$18,C48>Inicio!$C$19)),AND(ISNUMBER(D48),OR(D48<Inicio!$C$18,D48>Inicio!$C$19))),"Fuera de rango",IF(COUNTIF($A$6:$A$305,A48)>1,"Código duplicado","OK")))))
A49: GU-TDH-051 | B49: {=IF(A49="","",IFERROR(IF(INDEX('2_Participantes'!$B$6:$B$305,MATCH(A49,'2_Participantes'!$A$6:$A$305,0))="","",INDEX('2_Participantes'!$B$6:$B$305,MATCH(A49,'2_Participantes'!$A$6:$A$305,0))),"No registrado"))} | C49: 62.5 | D49: 87.5 | E49: =IF(AND(ISNUMBER(C49),ISNUMBER(D49)),D49-C49,"") | F49: {=IF(A49="","",IFERROR(IF(INDEX('2_Participantes'!$E$6:$E$305,MATCH(A49,'2_Participantes'!$A$6:$A$305,0))="","",INDEX('2_Participantes'!$E$6:$E$305,MATCH(A49,'2_Participantes'!$A$6:$A$305,0))),""))} | G49: {=IF(A49="","",IFERROR(IF(INDEX('2_Participantes'!$F$6:$F$305,MATCH(A49,'2_Participantes'!$A$6:$A$305,0))="","",INDEX('2_Participantes'!$F$6:$F$305,MATCH(A49,'2_Participantes'!$A$6:$A$305,0))),"No registrado"))} | H49: {=IF(A49="","",IFERROR(IF(INDEX('2_Participantes'!$L$6:$L$305,MATCH(A49,'2_Participantes'!$A$6:$A$305,0))="","",INDEX('2_Participantes'!$L$6:$L$305,MATCH(A49,'2_Participantes'!$A$6:$A$305,0))),""))} | I49: =IF(A49="","",IF(AND(ISNUMBER(C49),ISNUMBER(D49),G49<>"Excluido"),1,0)) | J49: =IF(A49="","",IF(G49="No registrado","Código ausente en 2_Participantes",IF(AND(ISNUMBER(D49),NOT(ISNUMBER(C49))),"Postest sin pretest (huérfano)",IF(OR(AND(ISNUMBER(C49),OR(C49<Inicio!$C$18,C49>Inicio!$C$19)),AND(ISNUMBER(D49),OR(D49<Inicio!$C$18,D49>Inicio!$C$19))),"Fuera de rango",IF(COUNTIF($A$6:$A$305,A49)>1,"Código duplicado","OK")))))
A50: GU-TDH-052 | B50: {=IF(A50="","",IFERROR(IF(INDEX('2_Participantes'!$B$6:$B$305,MATCH(A50,'2_Participantes'!$A$6:$A$305,0))="","",INDEX('2_Participantes'!$B$6:$B$305,MATCH(A50,'2_Participantes'!$A$6:$A$305,0))),"No registrado"))} | C50: 47.5 | D50: 70 | E50: =IF(AND(ISNUMBER(C50),ISNUMBER(D50)),D50-C50,"") | F50: {=IF(A50="","",IFERROR(IF(INDEX('2_Participantes'!$E$6:$E$305,MATCH(A50,'2_Participantes'!$A$6:$A$305,0))="","",INDEX('2_Participantes'!$E$6:$E$305,MATCH(A50,'2_Participantes'!$A$6:$A$305,0))),""))} | G50: {=IF(A50="","",IFERROR(IF(INDEX('2_Participantes'!$F$6:$F$305,MATCH(A50,'2_Participantes'!$A$6:$A$305,0))="","",INDEX('2_Participantes'!$F$6:$F$305,MATCH(A50,'2_Participantes'!$A$6:$A$305,0))),"No registrado"))} | H50: {=IF(A50="","",IFERROR(IF(INDEX('2_Participantes'!$L$6:$L$305,MATCH(A50,'2_Participantes'!$A$6:$A$305,0))="","",INDEX('2_Participantes'!$L$6:$L$305,MATCH(A50,'2_Participantes'!$A$6:$A$305,0))),""))} | I50: =IF(A50="","",IF(AND(ISNUMBER(C50),ISNUMBER(D50),G50<>"Excluido"),1,0)) | J50: =IF(A50="","",IF(G50="No registrado","Código ausente en 2_Participantes",IF(AND(ISNUMBER(D50),NOT(ISNUMBER(C50))),"Postest sin pretest (huérfano)",IF(OR(AND(ISNUMBER(C50),OR(C50<Inicio!$C$18,C50>Inicio!$C$19)),AND(ISNUMBER(D50),OR(D50<Inicio!$C$18,D50>Inicio!$C$19))),"Fuera de rango",IF(COUNTIF($A$6:$A$305,A50)>1,"Código duplicado","OK")))))
A51: GU-TDH-053 | B51: {=IF(A51="","",IFERROR(IF(INDEX('2_Participantes'!$B$6:$B$305,MATCH(A51,'2_Participantes'!$A$6:$A$305,0))="","",INDEX('2_Participantes'!$B$6:$B$305,MATCH(A51,'2_Participantes'!$A$6:$A$305,0))),"No registrado"))} | C51: 62.5 | E51: =IF(AND(ISNUMBER(C51),ISNUMBER(D51)),D51-C51,"") | F51: {=IF(A51="","",IFERROR(IF(INDEX('2_Participantes'!$E$6:$E$305,MATCH(A51,'2_Participantes'!$A$6:$A$305,0))="","",INDEX('2_Participantes'!$E$6:$E$305,MATCH(A51,'2_Participantes'!$A$6:$A$305,0))),""))} | G51: {=IF(A51="","",IFERROR(IF(INDEX('2_Participantes'!$F$6:$F$305,MATCH(A51,'2_Participantes'!$A$6:$A$305,0))="","",INDEX('2_Participantes'!$F$6:$F$305,MATCH(A51,'2_Participantes'!$A$6:$A$305,0))),"No registrado"))} | H51: {=IF(A51="","",IFERROR(IF(INDEX('2_Participantes'!$L$6:$L$305,MATCH(A51,'2_Participantes'!$A$6:$A$305,0))="","",INDEX('2_Participantes'!$L$6:$L$305,MATCH(A51,'2_Participantes'!$A$6:$A$305,0))),""))} | I51: =IF(A51="","",IF(AND(ISNUMBER(C51),ISNUMBER(D51),G51<>"Excluido"),1,0)) | J51: =IF(A51="","",IF(G51="No registrado","Código ausente en 2_Participantes",IF(AND(ISNUMBER(D51),NOT(ISNUMBER(C51))),"Postest sin pretest (huérfano)",IF(OR(AND(ISNUMBER(C51),OR(C51<Inicio!$C$18,C51>Inicio!$C$19)),AND(ISNUMBER(D51),OR(D51<Inicio!$C$18,D51>Inicio!$C$19))),"Fuera de rango",IF(COUNTIF($A$6:$A$305,A51)>1,"Código duplicado","OK")))))
A52: GU-TDH-054 | B52: {=IF(A52="","",IFERROR(IF(INDEX('2_Participantes'!$B$6:$B$305,MATCH(A52,'2_Participantes'!$A$6:$A$305,0))="","",INDEX('2_Participantes'!$B$6:$B$305,MATCH(A52,'2_Participantes'!$A$6:$A$305,0))),"No registrado"))} | C52: 62.5 | D52: 95 | E52: =IF(AND(ISNUMBER(C52),ISNUMBER(D52)),D52-C52,"") | F52: {=IF(A52="","",IFERROR(IF(INDEX('2_Participantes'!$E$6:$E$305,MATCH(A52,'2_Participantes'!$A$6:$A$305,0))="","",INDEX('2_Participantes'!$E$6:$E$305,MATCH(A52,'2_Participantes'!$A$6:$A$305,0))),""))} | G52: {=IF(A52="","",IFERROR(IF(INDEX('2_Participantes'!$F$6:$F$305,MATCH(A52,'2_Participantes'!$A$6:$A$305,0))="","",INDEX('2_Participantes'!$F$6:$F$305,MATCH(A52,'2_Participantes'!$A$6:$A$305,0))),"No registrado"))} | H52: {=IF(A52="","",IFERROR(IF(INDEX('2_Participantes'!$L$6:$L$305,MATCH(A52,'2_Participantes'!$A$6:$A$305,0))="","",INDEX('2_Participantes'!$L$6:$L$305,MATCH(A52,'2_Participantes'!$A$6:$A$305,0))),""))} | I52: =IF(A52="","",IF(AND(ISNUMBER(C52),ISNUMBER(D52),G52<>"Excluido"),1,0)) | J52: =IF(A52="","",IF(G52="No registrado","Código ausente en 2_Participantes",IF(AND(ISNUMBER(D52),NOT(ISNUMBER(C52))),"Postest sin pretest (huérfano)",IF(OR(AND(ISNUMBER(C52),OR(C52<Inicio!$C$18,C52>Inicio!$C$19)),AND(ISNUMBER(D52),OR(D52<Inicio!$C$18,D52>Inicio!$C$19))),"Fuera de rango",IF(COUNTIF($A$6:$A$305,A52)>1,"Código duplicado","OK")))))
B53: {=IF(A53="","",IFERROR(IF(INDEX('2_Participantes'!$B$6:$B$305,MATCH(A53,'2_Participantes'!$A$6:$A$305,0))="","",INDEX('2_Participantes'!$B$6:$B$305,MATCH(A53,'2_Participantes'!$A$6:$A$305,0))),"No registrado"))} | E53: =IF(AND(ISNUMBER(C53),ISNUMBER(D53)),D53-C53,"") | F53: {=IF(A53="","",IFERROR(IF(INDEX('2_Participantes'!$E$6:$E$305,MATCH(A53,'2_Participantes'!$A$6:$A$305,0))="","",INDEX('2_Participantes'!$E$6:$E$305,MATCH(A53,'2_Participantes'!$A$6:$A$305,0))),""))} | G53: {=IF(A53="","",IFERROR(IF(INDEX('2_Participantes'!$F$6:$F$305,MATCH(A53,'2_Participantes'!$A$6:$A$305,0))="","",INDEX('2_Participantes'!$F$6:$F$305,MATCH(A53,'2_Participantes'!$A$6:$A$305,0))),"No registrado"))} | H53: {=IF(A53="","",IFERROR(IF(INDEX('2_Participantes'!$L$6:$L$305,MATCH(A53,'2_Participantes'!$A$6:$A$305,0))="","",INDEX('2_Participantes'!$L$6:$L$305,MATCH(A53,'2_Participantes'!$A$6:$A$305,0))),""))} | I53: =IF(A53="","",IF(AND(ISNUMBER(C53),ISNUMBER(D53),G53<>"Excluido"),1,0)) | J53: =IF(A53="","",IF(G53="No registrado","Código ausente en 2_Participantes",IF(AND(ISNUMBER(D53),NOT(ISNUMBER(C53))),"Postest sin pretest (huérfano)",IF(OR(AND(ISNUMBER(C53),OR(C53<Inicio!$C$18,C53>Inicio!$C$19)),AND(ISNUMBER(D53),OR(D53<Inicio!$C$18,D53>Inicio!$C$19))),"Fuera de rango",IF(COUNTIF($A$6:$A$305,A53)>1,"Código duplicado","OK")))))
A54: GU-TDH-056 | B54: {=IF(A54="","",IFERROR(IF(INDEX('2_Participantes'!$B$6:$B$305,MATCH(A54,'2_Participantes'!$A$6:$A$305,0))="","",INDEX('2_Participantes'!$B$6:$B$305,MATCH(A54,'2_Participantes'!$A$6:$A$305,0))),"No registrado"))} | C54: 45 | D54: 67.5 | E54: =IF(AND(ISNUMBER(C54),ISNUMBER(D54)),D54-C54,"") | F54: {=IF(A54="","",IFERROR(IF(INDEX('2_Participantes'!$E$6:$E$305,MATCH(A54,'2_Participantes'!$A$6:$A$305,0))="","",INDEX('2_Participantes'!$E$6:$E$305,MATCH(A54,'2_Participantes'!$A$6:$A$305,0))),""))} | G54: {=IF(A54="","",IFERROR(IF(INDEX('2_Participantes'!$F$6:$F$305,MATCH(A54,'2_Participantes'!$A$6:$A$305,0))="","",INDEX('2_Participantes'!$F$6:$F$305,MATCH(A54,'2_Participantes'!$A$6:$A$305,0))),"No registrado"))} | H54: {=IF(A54="","",IFERROR(IF(INDEX('2_Participantes'!$L$6:$L$305,MATCH(A54,'2_Participantes'!$A$6:$A$305,0))="","",INDEX('2_Participantes'!$L$6:$L$305,MATCH(A54,'2_Participantes'!$A$6:$A$305,0))),""))} | I54: =IF(A54="","",IF(AND(ISNUMBER(C54),ISNUMBER(D54),G54<>"Excluido"),1,0)) | J54: =IF(A54="","",IF(G54="No registrado","Código ausente en 2_Participantes",IF(AND(ISNUMBER(D54),NOT(ISNUMBER(C54))),"Postest sin pretest (huérfano)",IF(OR(AND(ISNUMBER(C54),OR(C54<Inicio!$C$18,C54>Inicio!$C$19)),AND(ISNUMBER(D54),OR(D54<Inicio!$C$18,D54>Inicio!$C$19))),"Fuera de rango",IF(COUNTIF($A$6:$A$305,A54)>1,"Código duplicado","OK")))))
A55: GU-TDH-057 | B55: {=IF(A55="","",IFERROR(IF(INDEX('2_Participantes'!$B$6:$B$305,MATCH(A55,'2_Participantes'!$A$6:$A$305,0))="","",INDEX('2_Participantes'!$B$6:$B$305,MATCH(A55,'2_Participantes'!$A$6:$A$305,0))),"No registrado"))} | C55: 55 | D55: 62.5 | E55: =IF(AND(ISNUMBER(C55),ISNUMBER(D55)),D55-C55,"") | F55: {=IF(A55="","",IFERROR(IF(INDEX('2_Participantes'!$E$6:$E$305,MATCH(A55,'2_Participantes'!$A$6:$A$305,0))="","",INDEX('2_Participantes'!$E$6:$E$305,MATCH(A55,'2_Participantes'!$A$6:$A$305,0))),""))} | G55: {=IF(A55="","",IFERROR(IF(INDEX('2_Participantes'!$F$6:$F$305,MATCH(A55,'2_Participantes'!$A$6:$A$305,0))="","",INDEX('2_Participantes'!$F$6:$F$305,MATCH(A55,'2_Participantes'!$A$6:$A$305,0))),"No registrado"))} | H55: {=IF(A55="","",IFERROR(IF(INDEX('2_Participantes'!$L$6:$L$305,MATCH(A55,'2_Participantes'!$A$6:$A$305,0))="","",INDEX('2_Participantes'!$L$6:$L$305,MATCH(A55,'2_Participantes'!$A$6:$A$305,0))),""))} | I55: =IF(A55="","",IF(AND(ISNUMBER(C55),ISNUMBER(D55),G55<>"Excluido"),1,0)) | J55: =IF(A55="","",IF(G55="No registrado","Código ausente en 2_Participantes",IF(AND(ISNUMBER(D55),NOT(ISNUMBER(C55))),"Postest sin pretest (huérfano)",IF(OR(AND(ISNUMBER(C55),OR(C55<Inicio!$C$18,C55>Inicio!$C$19)),AND(ISNUMBER(D55),OR(D55<Inicio!$C$18,D55>Inicio!$C$19))),"Fuera de rango",IF(COUNTIF($A$6:$A$305,A55)>1,"Código duplicado","OK")))))
A56: GU-TDH-058 | B56: {=IF(A56="","",IFERROR(IF(INDEX('2_Participantes'!$B$6:$B$305,MATCH(A56,'2_Participantes'!$A$6:$A$305,0))="","",INDEX('2_Participantes'!$B$6:$B$305,MATCH(A56,'2_Participantes'!$A$6:$A$305,0))),"No registrado"))} | C56: 80 | D56: 90 | E56: =IF(AND(ISNUMBER(C56),ISNUMBER(D56)),D56-C56,"") | F56: {=IF(A56="","",IFERROR(IF(INDEX('2_Participantes'!$E$6:$E$305,MATCH(A56,'2_Participantes'!$A$6:$A$305,0))="","",INDEX('2_Participantes'!$E$6:$E$305,MATCH(A56,'2_Participantes'!$A$6:$A$305,0))),""))} | G56: {=IF(A56="","",IFERROR(IF(INDEX('2_Participantes'!$F$6:$F$305,MATCH(A56,'2_Participantes'!$A$6:$A$305,0))="","",INDEX('2_Participantes'!$F$6:$F$305,MATCH(A56,'2_Participantes'!$A$6:$A$305,0))),"No registrado"))} | H56: {=IF(A56="","",IFERROR(IF(INDEX('2_Participantes'!$L$6:$L$305,MATCH(A56,'2_Participantes'!$A$6:$A$305,0))="","",INDEX('2_Participantes'!$L$6:$L$305,MATCH(A56,'2_Participantes'!$A$6:$A$305,0))),""))} | I56: =IF(A56="","",IF(AND(ISNUMBER(C56),ISNUMBER(D56),G56<>"Excluido"),1,0)) | J56: =IF(A56="","",IF(G56="No registrado","Código ausente en 2_Participantes",IF(AND(ISNUMBER(D56),NOT(ISNUMBER(C56))),"Postest sin pretest (huérfano)",IF(OR(AND(ISNUMBER(C56),OR(C56<Inicio!$C$18,C56>Inicio!$C$19)),AND(ISNUMBER(D56),OR(D56<Inicio!$C$18,D56>Inicio!$C$19))),"Fuera de rango",IF(COUNTIF($A$6:$A$305,A56)>1,"Código duplicado","OK")))))
B57: {=IF(A57="","",IFERROR(IF(INDEX('2_Participantes'!$B$6:$B$305,MATCH(A57,'2_Participantes'!$A$6:$A$305,0))="","",INDEX('2_Participantes'!$B$6:$B$305,MATCH(A57,'2_Participantes'!$A$6:$A$305,0))),"No registrado"))} | E57: =IF(AND(ISNUMBER(C57),ISNUMBER(D57)),D57-C57,"") | F57: {=IF(A57="","",IFERROR(IF(INDEX('2_Participantes'!$E$6:$E$305,MATCH(A57,'2_Participantes'!$A$6:$A$305,0))="","",INDEX('2_Participantes'!$E$6:$E$305,MATCH(A57,'2_Participantes'!$A$6:$A$305,0))),""))} | G57: {=IF(A57="","",IFERROR(IF(INDEX('2_Participantes'!$F$6:$F$305,MATCH(A57,'2_Participantes'!$A$6:$A$305,0))="","",INDEX('2_Participantes'!$F$6:$F$305,MATCH(A57,'2_Participantes'!$A$6:$A$305,0))),"No registrado"))} | H57: {=IF(A57="","",IFERROR(IF(INDEX('2_Participantes'!$L$6:$L$305,MATCH(A57,'2_Participantes'!$A$6:$A$305,0))="","",INDEX('2_Participantes'!$L$6:$L$305,MATCH(A57,'2_Participantes'!$A$6:$A$305,0))),""))} | I57: =IF(A57="","",IF(AND(ISNUMBER(C57),ISNUMBER(D57),G57<>"Excluido"),1,0)) | J57: =IF(A57="","",IF(G57="No registrado","Código ausente en 2_Participantes",IF(AND(ISNUMBER(D57),NOT(ISNUMBER(C57))),"Postest sin pretest (huérfano)",IF(OR(AND(ISNUMBER(C57),OR(C57<Inicio!$C$18,C57>Inicio!$C$19)),AND(ISNUMBER(D57),OR(D57<Inicio!$C$18,D57>Inicio!$C$19))),"Fuera de rango",IF(COUNTIF($A$6:$A$305,A57)>1,"Código duplicado","OK")))))
A58: GU-TDH-060 | B58: {=IF(A58="","",IFERROR(IF(INDEX('2_Participantes'!$B$6:$B$305,MATCH(A58,'2_Participantes'!$A$6:$A$305,0))="","",INDEX('2_Participantes'!$B$6:$B$305,MATCH(A58,'2_Participantes'!$A$6:$A$305,0))),"No registrado"))} | C58: 52.5 | D58: 70 | E58: =IF(AND(ISNUMBER(C58),ISNUMBER(D58)),D58-C58,"") | F58: {=IF(A58="","",IFERROR(IF(INDEX('2_Participantes'!$E$6:$E$305,MATCH(A58,'2_Participantes'!$A$6:$A$305,0))="","",INDEX('2_Participantes'!$E$6:$E$305,MATCH(A58,'2_Participantes'!$A$6:$A$305,0))),""))} | G58: {=IF(A58="","",IFERROR(IF(INDEX('2_Participantes'!$F$6:$F$305,MATCH(A58,'2_Participantes'!$A$6:$A$305,0))="","",INDEX('2_Participantes'!$F$6:$F$305,MATCH(A58,'2_Participantes'!$A$6:$A$305,0))),"No registrado"))} | H58: {=IF(A58="","",IFERROR(IF(INDEX('2_Participantes'!$L$6:$L$305,MATCH(A58,'2_Participantes'!$A$6:$A$305,0))="","",INDEX('2_Participantes'!$L$6:$L$305,MATCH(A58,'2_Participantes'!$A$6:$A$305,0))),""))} | I58: =IF(A58="","",IF(AND(ISNUMBER(C58),ISNUMBER(D58),G58<>"Excluido"),1,0)) | J58: =IF(A58="","",IF(G58="No registrado","Código ausente en 2_Participantes",IF(AND(ISNUMBER(D58),NOT(ISNUMBER(C58))),"Postest sin pretest (huérfano)",IF(OR(AND(ISNUMBER(C58),OR(C58<Inicio!$C$18,C58>Inicio!$C$19)),AND(ISNUMBER(D58),OR(D58<Inicio!$C$18,D58>Inicio!$C$19))),"Fuera de rango",IF(COUNTIF($A$6:$A$305,A58)>1,"Código duplicado","OK")))))
A59: GU-TDH-061 | B59: {=IF(A59="","",IFERROR(IF(INDEX('2_Participantes'!$B$6:$B$305,MATCH(A59,'2_Participantes'!$A$6:$A$305,0))="","",INDEX('2_Participantes'!$B$6:$B$305,MATCH(A59,'2_Participantes'!$A$6:$A$305,0))),"No registrado"))} | C59: 55 | D59: 65 | E59: =IF(AND(ISNUMBER(C59),ISNUMBER(D59)),D59-C59,"") | F59: {=IF(A59="","",IFERROR(IF(INDEX('2_Participantes'!$E$6:$E$305,MATCH(A59,'2_Participantes'!$A$6:$A$305,0))="","",INDEX('2_Participantes'!$E$6:$E$305,MATCH(A59,'2_Participantes'!$A$6:$A$305,0))),""))} | G59: {=IF(A59="","",IFERROR(IF(INDEX('2_Participantes'!$F$6:$F$305,MATCH(A59,'2_Participantes'!$A$6:$A$305,0))="","",INDEX('2_Participantes'!$F$6:$F$305,MATCH(A59,'2_Participantes'!$A$6:$A$305,0))),"No registrado"))} | H59: {=IF(A59="","",IFERROR(IF(INDEX('2_Participantes'!$L$6:$L$305,MATCH(A59,'2_Participantes'!$A$6:$A$305,0))="","",INDEX('2_Participantes'!$L$6:$L$305,MATCH(A59,'2_Participantes'!$A$6:$A$305,0))),""))} | I59: =IF(A59="","",IF(AND(ISNUMBER(C59),ISNUMBER(D59),G59<>"Excluido"),1,0)) | J59: =IF(A59="","",IF(G59="No registrado","Código ausente en 2_Participantes",IF(AND(ISNUMBER(D59),NOT(ISNUMBER(C59))),"Postest sin pretest (huérfano)",IF(OR(AND(ISNUMBER(C59),OR(C59<Inicio!$C$18,C59>Inicio!$C$19)),AND(ISNUMBER(D59),OR(D59<Inicio!$C$18,D59>Inicio!$C$19))),"Fuera de rango",IF(COUNTIF($A$6:$A$305,A59)>1,"Código duplicado","OK")))))
A60: GU-TDH-062 | B60: {=IF(A60="","",IFERROR(IF(INDEX('2_Participantes'!$B$6:$B$305,MATCH(A60,'2_Participantes'!$A$6:$A$305,0))="","",INDEX('2_Participantes'!$B$6:$B$305,MATCH(A60,'2_Participantes'!$A$6:$A$305,0))),"No registrado"))} | C60: 62.5 | D60: 82.5 | E60: =IF(AND(ISNUMBER(C60),ISNUMBER(D60)),D60-C60,"") | F60: {=IF(A60="","",IFERROR(IF(INDEX('2_Participantes'!$E$6:$E$305,MATCH(A60,'2_Participantes'!$A$6:$A$305,0))="","",INDEX('2_Participantes'!$E$6:$E$305,MATCH(A60,'2_Participantes'!$A$6:$A$305,0))),""))} | G60: {=IF(A60="","",IFERROR(IF(INDEX('2_Participantes'!$F$6:$F$305,MATCH(A60,'2_Participantes'!$A$6:$A$305,0))="","",INDEX('2_Participantes'!$F$6:$F$305,MATCH(A60,'2_Participantes'!$A$6:$A$305,0))),"No registrado"))} | H60: {=IF(A60="","",IFERROR(IF(INDEX('2_Participantes'!$L$6:$L$305,MATCH(A60,'2_Participantes'!$A$6:$A$305,0))="","",INDEX('2_Participantes'!$L$6:$L$305,MATCH(A60,'2_Participantes'!$A$6:$A$305,0))),""))} | I60: =IF(A60="","",IF(AND(ISNUMBER(C60),ISNUMBER(D60),G60<>"Excluido"),1,0)) | J60: =IF(A60="","",IF(G60="No registrado","Código ausente en 2_Participantes",IF(AND(ISNUMBER(D60),NOT(ISNUMBER(C60))),"Postest sin pretest (huérfano)",IF(OR(AND(ISNUMBER(C60),OR(C60<Inicio!$C$18,C60>Inicio!$C$19)),AND(ISNUMBER(D60),OR(D60<Inicio!$C$18,D60>Inicio!$C$19))),"Fuera de rango",IF(COUNTIF($A$6:$A$305,A60)>1,"Código duplicado","OK")))))
A61: GU-TDH-063 | B61: {=IF(A61="","",IFERROR(IF(INDEX('2_Participantes'!$B$6:$B$305,MATCH(A61,'2_Participantes'!$A$6:$A$305,0))="","",INDEX('2_Participantes'!$B$6:$B$305,MATCH(A61,'2_Participantes'!$A$6:$A$305,0))),"No registrado"))} | C61: 47.5 | D61: 57.5 | E61: =IF(AND(ISNUMBER(C61),ISNUMBER(D61)),D61-C61,"") | F61: {=IF(A61="","",IFERROR(IF(INDEX('2_Participantes'!$E$6:$E$305,MATCH(A61,'2_Participantes'!$A$6:$A$305,0))="","",INDEX('2_Participantes'!$E$6:$E$305,MATCH(A61,'2_Participantes'!$A$6:$A$305,0))),""))} | G61: {=IF(A61="","",IFERROR(IF(INDEX('2_Participantes'!$F$6:$F$305,MATCH(A61,'2_Participantes'!$A$6:$A$305,0))="","",INDEX('2_Participantes'!$F$6:$F$305,MATCH(A61,'2_Participantes'!$A$6:$A$305,0))),"No registrado"))} | H61: {=IF(A61="","",IFERROR(IF(INDEX('2_Participantes'!$L$6:$L$305,MATCH(A61,'2_Participantes'!$A$6:$A$305,0))="","",INDEX('2_Participantes'!$L$6:$L$305,MATCH(A61,'2_Participantes'!$A$6:$A$305,0))),""))} | I61: =IF(A61="","",IF(AND(ISNUMBER(C61),ISNUMBER(D61),G61<>"Excluido"),1,0)) | J61: =IF(A61="","",IF(G61="No registrado","Código ausente en 2_Participantes",IF(AND(ISNUMBER(D61),NOT(ISNUMBER(C61))),"Postest sin pretest (huérfano)",IF(OR(AND(ISNUMBER(C61),OR(C61<Inicio!$C$18,C61>Inicio!$C$19)),AND(ISNUMBER(D61),OR(D61<Inicio!$C$18,D61>Inicio!$C$19))),"Fuera de rango",IF(COUNTIF($A$6:$A$305,A61)>1,"Código duplicado","OK")))))
A62: GU-TDH-064 | B62: {=IF(A62="","",IFERROR(IF(INDEX('2_Participantes'!$B$6:$B$305,MATCH(A62,'2_Participantes'!$A$6:$A$305,0))="","",INDEX('2_Participantes'!$B$6:$B$305,MATCH(A62,'2_Participantes'!$A$6:$A$305,0))),"No registrado"))} | C62: 50 | D62: 75 | E62: =IF(AND(ISNUMBER(C62),ISNUMBER(D62)),D62-C62,"") | F62: {=IF(A62="","",IFERROR(IF(INDEX('2_Participantes'!$E$6:$E$305,MATCH(A62,'2_Participantes'!$A$6:$A$305,0))="","",INDEX('2_Participantes'!$E$6:$E$305,MATCH(A62,'2_Participantes'!$A$6:$A$305,0))),""))} | G62: {=IF(A62="","",IFERROR(IF(INDEX('2_Participantes'!$F$6:$F$305,MATCH(A62,'2_Participantes'!$A$6:$A$305,0))="","",INDEX('2_Participantes'!$F$6:$F$305,MATCH(A62,'2_Participantes'!$A$6:$A$305,0))),"No registrado"))} | H62: {=IF(A62="","",IFERROR(IF(INDEX('2_Participantes'!$L$6:$L$305,MATCH(A62,'2_Participantes'!$A$6:$A$305,0))="","",INDEX('2_Participantes'!$L$6:$L$305,MATCH(A62,'2_Participantes'!$A$6:$A$305,0))),""))} | I62: =IF(A62="","",IF(AND(ISNUMBER(C62),ISNUMBER(D62),G62<>"Excluido"),1,0)) | J62: =IF(A62="","",IF(G62="No registrado","Código ausente en 2_Participantes",IF(AND(ISNUMBER(D62),NOT(ISNUMBER(C62))),"Postest sin pretest (huérfano)",IF(OR(AND(ISNUMBER(C62),OR(C62<Inicio!$C$18,C62>Inicio!$C$19)),AND(ISNUMBER(D62),OR(D62<Inicio!$C$18,D62>Inicio!$C$19))),"Fuera de rango",IF(COUNTIF($A$6:$A$305,A62)>1,"Código duplicado","OK")))))
A63: GU-TDH-065 | B63: {=IF(A63="","",IFERROR(IF(INDEX('2_Participantes'!$B$6:$B$305,MATCH(A63,'2_Participantes'!$A$6:$A$305,0))="","",INDEX('2_Participantes'!$B$6:$B$305,MATCH(A63,'2_Participantes'!$A$6:$A$305,0))),"No registrado"))} | C63: 72.5 | D63: 85 | E63: =IF(AND(ISNUMBER(C63),ISNUMBER(D63)),D63-C63,"") | F63: {=IF(A63="","",IFERROR(IF(INDEX('2_Participantes'!$E$6:$E$305,MATCH(A63,'2_Participantes'!$A$6:$A$305,0))="","",INDEX('2_Participantes'!$E$6:$E$305,MATCH(A63,'2_Participantes'!$A$6:$A$305,0))),""))} | G63: {=IF(A63="","",IFERROR(IF(INDEX('2_Participantes'!$F$6:$F$305,MATCH(A63,'2_Participantes'!$A$6:$A$305,0))="","",INDEX('2_Participantes'!$F$6:$F$305,MATCH(A63,'2_Participantes'!$A$6:$A$305,0))),"No registrado"))} | H63: {=IF(A63="","",IFERROR(IF(INDEX('2_Participantes'!$L$6:$L$305,MATCH(A63,'2_Participantes'!$A$6:$A$305,0))="","",INDEX('2_Participantes'!$L$6:$L$305,MATCH(A63,'2_Participantes'!$A$6:$A$305,0))),""))} | I63: =IF(A63="","",IF(AND(ISNUMBER(C63),ISNUMBER(D63),G63<>"Excluido"),1,0)) | J63: =IF(A63="","",IF(G63="No registrado","Código ausente en 2_Participantes",IF(AND(ISNUMBER(D63),NOT(ISNUMBER(C63))),"Postest sin pretest (huérfano)",IF(OR(AND(ISNUMBER(C63),OR(C63<Inicio!$C$18,C63>Inicio!$C$19)),AND(ISNUMBER(D63),OR(D63<Inicio!$C$18,D63>Inicio!$C$19))),"Fuera de rango",IF(COUNTIF($A$6:$A$305,A63)>1,"Código duplicado","OK")))))
A64: GU-TDH-066 | B64: {=IF(A64="","",IFERROR(IF(INDEX('2_Participantes'!$B$6:$B$305,MATCH(A64,'2_Participantes'!$A$6:$A$305,0))="","",INDEX('2_Participantes'!$B$6:$B$305,MATCH(A64,'2_Participantes'!$A$6:$A$305,0))),"No registrado"))} | C64: 37.5 | D64: 75 | E64: =IF(AND(ISNUMBER(C64),ISNUMBER(D64)),D64-C64,"") | F64: {=IF(A64="","",IFERROR(IF(INDEX('2_Participantes'!$E$6:$E$305,MATCH(A64,'2_Participantes'!$A$6:$A$305,0))="","",INDEX('2_Participantes'!$E$6:$E$305,MATCH(A64,'2_Participantes'!$A$6:$A$305,0))),""))} | G64: {=IF(A64="","",IFERROR(IF(INDEX('2_Participantes'!$F$6:$F$305,MATCH(A64,'2_Participantes'!$A$6:$A$305,0))="","",INDEX('2_Participantes'!$F$6:$F$305,MATCH(A64,'2_Participantes'!$A$6:$A$305,0))),"No registrado"))} | H64: {=IF(A64="","",IFERROR(IF(INDEX('2_Participantes'!$L$6:$L$305,MATCH(A64,'2_Participantes'!$A$6:$A$305,0))="","",INDEX('2_Participantes'!$L$6:$L$305,MATCH(A64,'2_Participantes'!$A$6:$A$305,0))),""))} | I64: =IF(A64="","",IF(AND(ISNUMBER(C64),ISNUMBER(D64),G64<>"Excluido"),1,0)) | J64: =IF(A64="","",IF(G64="No registrado","Código ausente en 2_Participantes",IF(AND(ISNUMBER(D64),NOT(ISNUMBER(C64))),"Postest sin pretest (huérfano)",IF(OR(AND(ISNUMBER(C64),OR(C64<Inicio!$C$18,C64>Inicio!$C$19)),AND(ISNUMBER(D64),OR(D64<Inicio!$C$18,D64>Inicio!$C$19))),"Fuera de rango",IF(COUNTIF($A$6:$A$305,A64)>1,"Código duplicado","OK")))))
A65: GU-TDH-067 | B65: {=IF(A65="","",IFERROR(IF(INDEX('2_Participantes'!$B$6:$B$305,MATCH(A65,'2_Participantes'!$A$6:$A$305,0))="","",INDEX('2_Participantes'!$B$6:$B$305,MATCH(A65,'2_Participantes'!$A$6:$A$305,0))),"No registrado"))} | C65: 40 | D65: 85 | E65: =IF(AND(ISNUMBER(C65),ISNUMBER(D65)),D65-C65,"") | F65: {=IF(A65="","",IFERROR(IF(INDEX('2_Participantes'!$E$6:$E$305,MATCH(A65,'2_Participantes'!$A$6:$A$305,0))="","",INDEX('2_Participantes'!$E$6:$E$305,MATCH(A65,'2_Participantes'!$A$6:$A$305,0))),""))} | G65: {=IF(A65="","",IFERROR(IF(INDEX('2_Participantes'!$F$6:$F$305,MATCH(A65,'2_Participantes'!$A$6:$A$305,0))="","",INDEX('2_Participantes'!$F$6:$F$305,MATCH(A65,'2_Participantes'!$A$6:$A$305,0))),"No registrado"))} | H65: {=IF(A65="","",IFERROR(IF(INDEX('2_Participantes'!$L$6:$L$305,MATCH(A65,'2_Participantes'!$A$6:$A$305,0))="","",INDEX('2_Participantes'!$L$6:$L$305,MATCH(A65,'2_Participantes'!$A$6:$A$305,0))),""))} | I65: =IF(A65="","",IF(AND(ISNUMBER(C65),ISNUMBER(D65),G65<>"Excluido"),1,0)) | J65: =IF(A65="","",IF(G65="No registrado","Código ausente en 2_Participantes",IF(AND(ISNUMBER(D65),NOT(ISNUMBER(C65))),"Postest sin pretest (huérfano)",IF(OR(AND(ISNUMBER(C65),OR(C65<Inicio!$C$18,C65>Inicio!$C$19)),AND(ISNUMBER(D65),OR(D65<Inicio!$C$18,D65>Inicio!$C$19))),"Fuera de rango",IF(COUNTIF($A$6:$A$305,A65)>1,"Código duplicado","OK")))))
A66: GU-TDH-069 | B66: {=IF(A66="","",IFERROR(IF(INDEX('2_Participantes'!$B$6:$B$305,MATCH(A66,'2_Participantes'!$A$6:$A$305,0))="","",INDEX('2_Participantes'!$B$6:$B$305,MATCH(A66,'2_Participantes'!$A$6:$A$305,0))),"No registrado"))} | C66: 50 | D66: 60 | E66: =IF(AND(ISNUMBER(C66),ISNUMBER(D66)),D66-C66,"") | F66: {=IF(A66="","",IFERROR(IF(INDEX('2_Participantes'!$E$6:$E$305,MATCH(A66,'2_Participantes'!$A$6:$A$305,0))="","",INDEX('2_Participantes'!$E$6:$E$305,MATCH(A66,'2_Participantes'!$A$6:$A$305,0))),""))} | G66: {=IF(A66="","",IFERROR(IF(INDEX('2_Participantes'!$F$6:$F$305,MATCH(A66,'2_Participantes'!$A$6:$A$305,0))="","",INDEX('2_Participantes'!$F$6:$F$305,MATCH(A66,'2_Participantes'!$A$6:$A$305,0))),"No registrado"))} | H66: {=IF(A66="","",IFERROR(IF(INDEX('2_Participantes'!$L$6:$L$305,MATCH(A66,'2_Participantes'!$A$6:$A$305,0))="","",INDEX('2_Participantes'!$L$6:$L$305,MATCH(A66,'2_Participantes'!$A$6:$A$305,0))),""))} | I66: =IF(A66="","",IF(AND(ISNUMBER(C66),ISNUMBER(D66),G66<>"Excluido"),1,0)) | J66: =IF(A66="","",IF(G66="No registrado","Código ausente en 2_Participantes",IF(AND(ISNUMBER(D66),NOT(ISNUMBER(C66))),"Postest sin pretest (huérfano)",IF(OR(AND(ISNUMBER(C66),OR(C66<Inicio!$C$18,C66>Inicio!$C$19)),AND(ISNUMBER(D66),OR(D66<Inicio!$C$18,D66>Inicio!$C$19))),"Fuera de rango",IF(COUNTIF($A$6:$A$305,A66)>1,"Código duplicado","OK")))))
A67: GU-TDH-070 | B67: {=IF(A67="","",IFERROR(IF(INDEX('2_Participantes'!$B$6:$B$305,MATCH(A67,'2_Participantes'!$A$6:$A$305,0))="","",INDEX('2_Participantes'!$B$6:$B$305,MATCH(A67,'2_Participantes'!$A$6:$A$305,0))),"No registrado"))} | C67: 67.5 | D67: 97.5 | E67: =IF(AND(ISNUMBER(C67),ISNUMBER(D67)),D67-C67,"") | F67: {=IF(A67="","",IFERROR(IF(INDEX('2_Participantes'!$E$6:$E$305,MATCH(A67,'2_Participantes'!$A$6:$A$305,0))="","",INDEX('2_Participantes'!$E$6:$E$305,MATCH(A67,'2_Participantes'!$A$6:$A$305,0))),""))} | G67: {=IF(A67="","",IFERROR(IF(INDEX('2_Participantes'!$F$6:$F$305,MATCH(A67,'2_Participantes'!$A$6:$A$305,0))="","",INDEX('2_Participantes'!$F$6:$F$305,MATCH(A67,'2_Participantes'!$A$6:$A$305,0))),"No registrado"))} | H67: {=IF(A67="","",IFERROR(IF(INDEX('2_Participantes'!$L$6:$L$305,MATCH(A67,'2_Participantes'!$A$6:$A$305,0))="","",INDEX('2_Participantes'!$L$6:$L$305,MATCH(A67,'2_Participantes'!$A$6:$A$305,0))),""))} | I67: =IF(A67="","",IF(AND(ISNUMBER(C67),ISNUMBER(D67),G67<>"Excluido"),1,0)) | J67: =IF(A67="","",IF(G67="No registrado","Código ausente en 2_Participantes",IF(AND(ISNUMBER(D67),NOT(ISNUMBER(C67))),"Postest sin pretest (huérfano)",IF(OR(AND(ISNUMBER(C67),OR(C67<Inicio!$C$18,C67>Inicio!$C$19)),AND(ISNUMBER(D67),OR(D67<Inicio!$C$18,D67>Inicio!$C$19))),"Fuera de rango",IF(COUNTIF($A$6:$A$305,A67)>1,"Código duplicado","OK")))))
A68: GU-TDH-071 | B68: {=IF(A68="","",IFERROR(IF(INDEX('2_Participantes'!$B$6:$B$305,MATCH(A68,'2_Participantes'!$A$6:$A$305,0))="","",INDEX('2_Participantes'!$B$6:$B$305,MATCH(A68,'2_Participantes'!$A$6:$A$305,0))),"No registrado"))} | C68: 40 | D68: 75 | E68: =IF(AND(ISNUMBER(C68),ISNUMBER(D68)),D68-C68,"") | F68: {=IF(A68="","",IFERROR(IF(INDEX('2_Participantes'!$E$6:$E$305,MATCH(A68,'2_Participantes'!$A$6:$A$305,0))="","",INDEX('2_Participantes'!$E$6:$E$305,MATCH(A68,'2_Participantes'!$A$6:$A$305,0))),""))} | G68: {=IF(A68="","",IFERROR(IF(INDEX('2_Participantes'!$F$6:$F$305,MATCH(A68,'2_Participantes'!$A$6:$A$305,0))="","",INDEX('2_Participantes'!$F$6:$F$305,MATCH(A68,'2_Participantes'!$A$6:$A$305,0))),"No registrado"))} | H68: {=IF(A68="","",IFERROR(IF(INDEX('2_Participantes'!$L$6:$L$305,MATCH(A68,'2_Participantes'!$A$6:$A$305,0))="","",INDEX('2_Participantes'!$L$6:$L$305,MATCH(A68,'2_Participantes'!$A$6:$A$305,0))),""))} | I68: =IF(A68="","",IF(AND(ISNUMBER(C68),ISNUMBER(D68),G68<>"Excluido"),1,0)) | J68: =IF(A68="","",IF(G68="No registrado","Código ausente en 2_Participantes",IF(AND(ISNUMBER(D68),NOT(ISNUMBER(C68))),"Postest sin pretest (huérfano)",IF(OR(AND(ISNUMBER(C68),OR(C68<Inicio!$C$18,C68>Inicio!$C$19)),AND(ISNUMBER(D68),OR(D68<Inicio!$C$18,D68>Inicio!$C$19))),"Fuera de rango",IF(COUNTIF($A$6:$A$305,A68)>1,"Código duplicado","OK")))))
A69: GU-TDH-072 | B69: {=IF(A69="","",IFERROR(IF(INDEX('2_Participantes'!$B$6:$B$305,MATCH(A69,'2_Participantes'!$A$6:$A$305,0))="","",INDEX('2_Participantes'!$B$6:$B$305,MATCH(A69,'2_Participantes'!$A$6:$A$305,0))),"No registrado"))} | C69: 60 | D69: 90 | E69: =IF(AND(ISNUMBER(C69),ISNUMBER(D69)),D69-C69,"") | F69: {=IF(A69="","",IFERROR(IF(INDEX('2_Participantes'!$E$6:$E$305,MATCH(A69,'2_Participantes'!$A$6:$A$305,0))="","",INDEX('2_Participantes'!$E$6:$E$305,MATCH(A69,'2_Participantes'!$A$6:$A$305,0))),""))} | G69: {=IF(A69="","",IFERROR(IF(INDEX('2_Participantes'!$F$6:$F$305,MATCH(A69,'2_Participantes'!$A$6:$A$305,0))="","",INDEX('2_Participantes'!$F$6:$F$305,MATCH(A69,'2_Participantes'!$A$6:$A$305,0))),"No registrado"))} | H69: {=IF(A69="","",IFERROR(IF(INDEX('2_Participantes'!$L$6:$L$305,MATCH(A69,'2_Participantes'!$A$6:$A$305,0))="","",INDEX('2_Participantes'!$L$6:$L$305,MATCH(A69,'2_Participantes'!$A$6:$A$305,0))),""))} | I69: =IF(A69="","",IF(AND(ISNUMBER(C69),ISNUMBER(D69),G69<>"Excluido"),1,0)) | J69: =IF(A69="","",IF(G69="No registrado","Código ausente en 2_Participantes",IF(AND(ISNUMBER(D69),NOT(ISNUMBER(C69))),"Postest sin pretest (huérfano)",IF(OR(AND(ISNUMBER(C69),OR(C69<Inicio!$C$18,C69>Inicio!$C$19)),AND(ISNUMBER(D69),OR(D69<Inicio!$C$18,D69>Inicio!$C$19))),"Fuera de rango",IF(COUNTIF($A$6:$A$305,A69)>1,"Código duplicado","OK")))))
... A90: GU-TDH-093 | B90: {=IF(A90="","",IFERROR(IF(INDEX('2_Participantes'!$B$6:$B$305,MATCH(A90,'2_Participantes'!$A$6:$A$305,0))="","",INDEX('2_Participantes'!$B$6:$B$305,MATCH(A90,'2_Participantes'!$A$6:$A$305,0))),"No registrado"))} | C90: 42.5 | D90: 75 | E90: =IF(AND(ISNUMBER(C90),ISNUMBER(D90)),D90-C90,"") | F90: {=IF(A90="","",IFERROR(IF(INDEX('2_Participantes'!$E$6:$E$305,MATCH(A90,'2_Participantes'!$A$6:$A$305,0))="","",INDEX('2_Participantes'!$E$6:$E$305,MATCH(A90,'2_Participantes'!$A$6:$A$305,0))),""))} | G90: {=IF(A90="","",IFERROR(IF(INDEX('2_Participantes'!$F$6:$F$305,MATCH(A90,'2_Participantes'!$A$6:$A$305,0))="","",INDEX('2_Participantes'!$F$6:$F$305,MATCH(A90,'2_Participantes'!$A$6:$A$305,0))),"No registrado"))} | H90: {=IF(A90="","",IFERROR(IF(INDEX('2_Participantes'!$L$6:$L$305,MATCH(A90,'2_Participantes'!$A$6:$A$305,0))="","",INDEX('2_Participantes'!$L$6:$L$305,MATCH(A90,'2_Participantes'!$A$6:$A$305,0))),""))} | I90: =IF(A90="","",IF(AND(ISNUMBER(C90),ISNUMBER(D90),G90<>"Excluido"),1,0)) | J90: =IF(A90="","",IF(G90="No registrado","Código ausente en 2_Participantes",IF(AND(ISNUMBER(D90),NOT(ISNUMBER(C90))),"Postest sin pretest (huérfano)",IF(OR(AND(ISNUMBER(C90),OR(C90<Inicio!$C$18,C90>Inicio!$C$19)),AND(ISNUMBER(D90),OR(D90<Inicio!$C$18,D90>Inicio!$C$19))),"Fuera de rango",IF(COUNTIF($A$6:$A$305,A90)>1,"Código duplicado","OK")))))
B91: {=IF(A91="","",IFERROR(IF(INDEX('2_Participantes'!$B$6:$B$305,MATCH(A91,'2_Participantes'!$A$6:$A$305,0))="","",INDEX('2_Participantes'!$B$6:$B$305,MATCH(A91,'2_Participantes'!$A$6:$A$305,0))),"No registrado"))} | E91: =IF(AND(ISNUMBER(C91),ISNUMBER(D91)),D91-C91,"") | F91: {=IF(A91="","",IFERROR(IF(INDEX('2_Participantes'!$E$6:$E$305,MATCH(A91,'2_Participantes'!$A$6:$A$305,0))="","",INDEX('2_Participantes'!$E$6:$E$305,MATCH(A91,'2_Participantes'!$A$6:$A$305,0))),""))} | G91: {=IF(A91="","",IFERROR(IF(INDEX('2_Participantes'!$F$6:$F$305,MATCH(A91,'2_Participantes'!$A$6:$A$305,0))="","",INDEX('2_Participantes'!$F$6:$F$305,MATCH(A91,'2_Participantes'!$A$6:$A$305,0))),"No registrado"))} | H91: {=IF(A91="","",IFERROR(IF(INDEX('2_Participantes'!$L$6:$L$305,MATCH(A91,'2_Participantes'!$A$6:$A$305,0))="","",INDEX('2_Participantes'!$L$6:$L$305,MATCH(A91,'2_Participantes'!$A$6:$A$305,0))),""))} | I91: =IF(A91="","",IF(AND(ISNUMBER(C91),ISNUMBER(D91),G91<>"Excluido"),1,0)) | J91: =IF(A91="","",IF(G91="No registrado","Código ausente en 2_Participantes",IF(AND(ISNUMBER(D91),NOT(ISNUMBER(C91))),"Postest sin pretest (huérfano)",IF(OR(AND(ISNUMBER(C91),OR(C91<Inicio!$C$18,C91>Inicio!$C$19)),AND(ISNUMBER(D91),OR(D91<Inicio!$C$18,D91>Inicio!$C$19))),"Fuera de rango",IF(COUNTIF($A$6:$A$305,A91)>1,"Código duplicado","OK")))))
A92: GU-TDH-095 | B92: {=IF(A92="","",IFERROR(IF(INDEX('2_Participantes'!$B$6:$B$305,MATCH(A92,'2_Participantes'!$A$6:$A$305,0))="","",INDEX('2_Participantes'!$B$6:$B$305,MATCH(A92,'2_Participantes'!$A$6:$A$305,0))),"No registrado"))} | C92: 72.5 | D92: 90 | E92: =IF(AND(ISNUMBER(C92),ISNUMBER(D92)),D92-C92,"") | F92: {=IF(A92="","",IFERROR(IF(INDEX('2_Participantes'!$E$6:$E$305,MATCH(A92,'2_Participantes'!$A$6:$A$305,0))="","",INDEX('2_Participantes'!$E$6:$E$305,MATCH(A92,'2_Participantes'!$A$6:$A$305,0))),""))} | G92: {=IF(A92="","",IFERROR(IF(INDEX('2_Participantes'!$F$6:$F$305,MATCH(A92,'2_Participantes'!$A$6:$A$305,0))="","",INDEX('2_Participantes'!$F$6:$F$305,MATCH(A92,'2_Participantes'!$A$6:$A$305,0))),"No registrado"))} | H92: {=IF(A92="","",IFERROR(IF(INDEX('2_Participantes'!$L$6:$L$305,MATCH(A92,'2_Participantes'!$A$6:$A$305,0))="","",INDEX('2_Participantes'!$L$6:$L$305,MATCH(A92,'2_Participantes'!$A$6:$A$305,0))),""))} | I92: =IF(A92="","",IF(AND(ISNUMBER(C92),ISNUMBER(D92),G92<>"Excluido"),1,0)) | J92: =IF(A92="","",IF(G92="No registrado","Código ausente en 2_Participantes",IF(AND(ISNUMBER(D92),NOT(ISNUMBER(C92))),"Postest sin pretest (huérfano)",IF(OR(AND(ISNUMBER(C92),OR(C92<Inicio!$C$18,C92>Inicio!$C$19)),AND(ISNUMBER(D92),OR(D92<Inicio!$C$18,D92>Inicio!$C$19))),"Fuera de rango",IF(COUNTIF($A$6:$A$305,A92)>1,"Código duplicado","OK")))))
A93: GU-TDH-097 | B93: {=IF(A93="","",IFERROR(IF(INDEX('2_Participantes'!$B$6:$B$305,MATCH(A93,'2_Participantes'!$A$6:$A$305,0))="","",INDEX('2_Participantes'!$B$6:$B$305,MATCH(A93,'2_Participantes'!$A$6:$A$305,0))),"No registrado"))} | C93: 47.5 | D93: 75 | E93: =IF(AND(ISNUMBER(C93),ISNUMBER(D93)),D93-C93,"") | F93: {=IF(A93="","",IFERROR(IF(INDEX('2_Participantes'!$E$6:$E$305,MATCH(A93,'2_Participantes'!$A$6:$A$305,0))="","",INDEX('2_Participantes'!$E$6:$E$305,MATCH(A93,'2_Participantes'!$A$6:$A$305,0))),""))} | G93: {=IF(A93="","",IFERROR(IF(INDEX('2_Participantes'!$F$6:$F$305,MATCH(A93,'2_Participantes'!$A$6:$A$305,0))="","",INDEX('2_Participantes'!$F$6:$F$305,MATCH(A93,'2_Participantes'!$A$6:$A$305,0))),"No registrado"))} | H93: {=IF(A93="","",IFERROR(IF(INDEX('2_Participantes'!$L$6:$L$305,MATCH(A93,'2_Participantes'!$A$6:$A$305,0))="","",INDEX('2_Participantes'!$L$6:$L$305,MATCH(A93,'2_Participantes'!$A$6:$A$305,0))),""))} | I93: =IF(A93="","",IF(AND(ISNUMBER(C93),ISNUMBER(D93),G93<>"Excluido"),1,0)) | J93: =IF(A93="","",IF(G93="No registrado","Código ausente en 2_Participantes",IF(AND(ISNUMBER(D93),NOT(ISNUMBER(C93))),"Postest sin pretest (huérfano)",IF(OR(AND(ISNUMBER(C93),OR(C93<Inicio!$C$18,C93>Inicio!$C$19)),AND(ISNUMBER(D93),OR(D93<Inicio!$C$18,D93>Inicio!$C$19))),"Fuera de rango",IF(COUNTIF($A$6:$A$305,A93)>1,"Código duplicado","OK")))))
A94: GU-TDH-098 | B94: {=IF(A94="","",IFERROR(IF(INDEX('2_Participantes'!$B$6:$B$305,MATCH(A94,'2_Participantes'!$A$6:$A$305,0))="","",INDEX('2_Participantes'!$B$6:$B$305,MATCH(A94,'2_Participantes'!$A$6:$A$305,0))),"No registrado"))} | C94: 45 | D94: 50 | E94: =IF(AND(ISNUMBER(C94),ISNUMBER(D94)),D94-C94,"") | F94: {=IF(A94="","",IFERROR(IF(INDEX('2_Participantes'!$E$6:$E$305,MATCH(A94,'2_Participantes'!$A$6:$A$305,0))="","",INDEX('2_Participantes'!$E$6:$E$305,MATCH(A94,'2_Participantes'!$A$6:$A$305,0))),""))} | G94: {=IF(A94="","",IFERROR(IF(INDEX('2_Participantes'!$F$6:$F$305,MATCH(A94,'2_Participantes'!$A$6:$A$305,0))="","",INDEX('2_Participantes'!$F$6:$F$305,MATCH(A94,'2_Participantes'!$A$6:$A$305,0))),"No registrado"))} | H94: {=IF(A94="","",IFERROR(IF(INDEX('2_Participantes'!$L$6:$L$305,MATCH(A94,'2_Participantes'!$A$6:$A$305,0))="","",INDEX('2_Participantes'!$L$6:$L$305,MATCH(A94,'2_Participantes'!$A$6:$A$305,0))),""))} | I94: =IF(A94="","",IF(AND(ISNUMBER(C94),ISNUMBER(D94),G94<>"Excluido"),1,0)) | J94: =IF(A94="","",IF(G94="No registrado","Código ausente en 2_Participantes",IF(AND(ISNUMBER(D94),NOT(ISNUMBER(C94))),"Postest sin pretest (huérfano)",IF(OR(AND(ISNUMBER(C94),OR(C94<Inicio!$C$18,C94>Inicio!$C$19)),AND(ISNUMBER(D94),OR(D94<Inicio!$C$18,D94>Inicio!$C$19))),"Fuera de rango",IF(COUNTIF($A$6:$A$305,A94)>1,"Código duplicado","OK")))))
A95: GU-TDH-099 | B95: {=IF(A95="","",IFERROR(IF(INDEX('2_Participantes'!$B$6:$B$305,MATCH(A95,'2_Participantes'!$A$6:$A$305,0))="","",INDEX('2_Participantes'!$B$6:$B$305,MATCH(A95,'2_Participantes'!$A$6:$A$305,0))),"No registrado"))} | C95: 50 | D95: 55 | E95: =IF(AND(ISNUMBER(C95),ISNUMBER(D95)),D95-C95,"") | F95: {=IF(A95="","",IFERROR(IF(INDEX('2_Participantes'!$E$6:$E$305,MATCH(A95,'2_Participantes'!$A$6:$A$305,0))="","",INDEX('2_Participantes'!$E$6:$E$305,MATCH(A95,'2_Participantes'!$A$6:$A$305,0))),""))} | G95: {=IF(A95="","",IFERROR(IF(INDEX('2_Participantes'!$F$6:$F$305,MATCH(A95,'2_Participantes'!$A$6:$A$305,0))="","",INDEX('2_Participantes'!$F$6:$F$305,MATCH(A95,'2_Participantes'!$A$6:$A$305,0))),"No registrado"))} | H95: {=IF(A95="","",IFERROR(IF(INDEX('2_Participantes'!$L$6:$L$305,MATCH(A95,'2_Participantes'!$A$6:$A$305,0))="","",INDEX('2_Participantes'!$L$6:$L$305,MATCH(A95,'2_Participantes'!$A$6:$A$305,0))),""))} | I95: =IF(A95="","",IF(AND(ISNUMBER(C95),ISNUMBER(D95),G95<>"Excluido"),1,0)) | J95: =IF(A95="","",IF(G95="No registrado","Código ausente en 2_Participantes",IF(AND(ISNUMBER(D95),NOT(ISNUMBER(C95))),"Postest sin pretest (huérfano)",IF(OR(AND(ISNUMBER(C95),OR(C95<Inicio!$C$18,C95>Inicio!$C$19)),AND(ISNUMBER(D95),OR(D95<Inicio!$C$18,D95>Inicio!$C$19))),"Fuera de rango",IF(COUNTIF($A$6:$A$305,A95)>1,"Código duplicado","OK")))))
A96: GU-TDH-100 | B96: {=IF(A96="","",IFERROR(IF(INDEX('2_Participantes'!$B$6:$B$305,MATCH(A96,'2_Participantes'!$A$6:$A$305,0))="","",INDEX('2_Participantes'!$B$6:$B$305,MATCH(A96,'2_Participantes'!$A$6:$A$305,0))),"No registrado"))} | C96: 60 | D96: 80 | E96: =IF(AND(ISNUMBER(C96),ISNUMBER(D96)),D96-C96,"") | F96: {=IF(A96="","",IFERROR(IF(INDEX('2_Participantes'!$E$6:$E$305,MATCH(A96,'2_Participantes'!$A$6:$A$305,0))="","",INDEX('2_Participantes'!$E$6:$E$305,MATCH(A96,'2_Participantes'!$A$6:$A$305,0))),""))} | G96: {=IF(A96="","",IFERROR(IF(INDEX('2_Participantes'!$F$6:$F$305,MATCH(A96,'2_Participantes'!$A$6:$A$305,0))="","",INDEX('2_Participantes'!$F$6:$F$305,MATCH(A96,'2_Participantes'!$A$6:$A$305,0))),"No registrado"))} | H96: {=IF(A96="","",IFERROR(IF(INDEX('2_Participantes'!$L$6:$L$305,MATCH(A96,'2_Participantes'!$A$6:$A$305,0))="","",INDEX('2_Participantes'!$L$6:$L$305,MATCH(A96,'2_Participantes'!$A$6:$A$305,0))),""))} | I96: =IF(A96="","",IF(AND(ISNUMBER(C96),ISNUMBER(D96),G96<>"Excluido"),1,0)) | J96: =IF(A96="","",IF(G96="No registrado","Código ausente en 2_Participantes",IF(AND(ISNUMBER(D96),NOT(ISNUMBER(C96))),"Postest sin pretest (huérfano)",IF(OR(AND(ISNUMBER(C96),OR(C96<Inicio!$C$18,C96>Inicio!$C$19)),AND(ISNUMBER(D96),OR(D96<Inicio!$C$18,D96>Inicio!$C$19))),"Fuera de rango",IF(COUNTIF($A$6:$A$305,A96)>1,"Código duplicado","OK")))))
A97: GU-TDH-101 | B97: {=IF(A97="","",IFERROR(IF(INDEX('2_Participantes'!$B$6:$B$305,MATCH(A97,'2_Participantes'!$A$6:$A$305,0))="","",INDEX('2_Participantes'!$B$6:$B$305,MATCH(A97,'2_Participantes'!$A$6:$A$305,0))),"No registrado"))} | C97: 47.5 | D97: 75 | E97: =IF(AND(ISNUMBER(C97),ISNUMBER(D97)),D97-C97,"") | F97: {=IF(A97="","",IFERROR(IF(INDEX('2_Participantes'!$E$6:$E$305,MATCH(A97,'2_Participantes'!$A$6:$A$305,0))="","",INDEX('2_Participantes'!$E$6:$E$305,MATCH(A97,'2_Participantes'!$A$6:$A$305,0))),""))} | G97: {=IF(A97="","",IFERROR(IF(INDEX('2_Participantes'!$F$6:$F$305,MATCH(A97,'2_Participantes'!$A$6:$A$305,0))="","",INDEX('2_Participantes'!$F$6:$F$305,MATCH(A97,'2_Participantes'!$A$6:$A$305,0))),"No registrado"))} | H97: {=IF(A97="","",IFERROR(IF(INDEX('2_Participantes'!$L$6:$L$305,MATCH(A97,'2_Participantes'!$A$6:$A$305,0))="","",INDEX('2_Participantes'!$L$6:$L$305,MATCH(A97,'2_Participantes'!$A$6:$A$305,0))),""))} | I97: =IF(A97="","",IF(AND(ISNUMBER(C97),ISNUMBER(D97),G97<>"Excluido"),1,0)) | J97: =IF(A97="","",IF(G97="No registrado","Código ausente en 2_Participantes",IF(AND(ISNUMBER(D97),NOT(ISNUMBER(C97))),"Postest sin pretest (huérfano)",IF(OR(AND(ISNUMBER(C97),OR(C97<Inicio!$C$18,C97>Inicio!$C$19)),AND(ISNUMBER(D97),OR(D97<Inicio!$C$18,D97>Inicio!$C$19))),"Fuera de rango",IF(COUNTIF($A$6:$A$305,A97)>1,"Código duplicado","OK")))))
A98: GU-TDH-102 | B98: {=IF(A98="","",IFERROR(IF(INDEX('2_Participantes'!$B$6:$B$305,MATCH(A98,'2_Participantes'!$A$6:$A$305,0))="","",INDEX('2_Participantes'!$B$6:$B$305,MATCH(A98,'2_Participantes'!$A$6:$A$305,0))),"No registrado"))} | C98: 67.5 | D98: 92.5 | E98: =IF(AND(ISNUMBER(C98),ISNUMBER(D98)),D98-C98,"") | F98: {=IF(A98="","",IFERROR(IF(INDEX('2_Participantes'!$E$6:$E$305,MATCH(A98,'2_Participantes'!$A$6:$A$305,0))="","",INDEX('2_Participantes'!$E$6:$E$305,MATCH(A98,'2_Participantes'!$A$6:$A$305,0))),""))} | G98: {=IF(A98="","",IFERROR(IF(INDEX('2_Participantes'!$F$6:$F$305,MATCH(A98,'2_Participantes'!$A$6:$A$305,0))="","",INDEX('2_Participantes'!$F$6:$F$305,MATCH(A98,'2_Participantes'!$A$6:$A$305,0))),"No registrado"))} | H98: {=IF(A98="","",IFERROR(IF(INDEX('2_Participantes'!$L$6:$L$305,MATCH(A98,'2_Participantes'!$A$6:$A$305,0))="","",INDEX('2_Participantes'!$L$6:$L$305,MATCH(A98,'2_Participantes'!$A$6:$A$305,0))),""))} | I98: =IF(A98="","",IF(AND(ISNUMBER(C98),ISNUMBER(D98),G98<>"Excluido"),1,0)) | J98: =IF(A98="","",IF(G98="No registrado","Código ausente en 2_Participantes",IF(AND(ISNUMBER(D98),NOT(ISNUMBER(C98))),"Postest sin pretest (huérfano)",IF(OR(AND(ISNUMBER(C98),OR(C98<Inicio!$C$18,C98>Inicio!$C$19)),AND(ISNUMBER(D98),OR(D98<Inicio!$C$18,D98>Inicio!$C$19))),"Fuera de rango",IF(COUNTIF($A$6:$A$305,A98)>1,"Código duplicado","OK")))))
A99: GU-TDH-103 | B99: {=IF(A99="","",IFERROR(IF(INDEX('2_Participantes'!$B$6:$B$305,MATCH(A99,'2_Participantes'!$A$6:$A$305,0))="","",INDEX('2_Participantes'!$B$6:$B$305,MATCH(A99,'2_Participantes'!$A$6:$A$305,0))),"No registrado"))} | C99: 55 | D99: 77.5 | E99: =IF(AND(ISNUMBER(C99),ISNUMBER(D99)),D99-C99,"") | F99: {=IF(A99="","",IFERROR(IF(INDEX('2_Participantes'!$E$6:$E$305,MATCH(A99,'2_Participantes'!$A$6:$A$305,0))="","",INDEX('2_Participantes'!$E$6:$E$305,MATCH(A99,'2_Participantes'!$A$6:$A$305,0))),""))} | G99: {=IF(A99="","",IFERROR(IF(INDEX('2_Participantes'!$F$6:$F$305,MATCH(A99,'2_Participantes'!$A$6:$A$305,0))="","",INDEX('2_Participantes'!$F$6:$F$305,MATCH(A99,'2_Participantes'!$A$6:$A$305,0))),"No registrado"))} | H99: {=IF(A99="","",IFERROR(IF(INDEX('2_Participantes'!$L$6:$L$305,MATCH(A99,'2_Participantes'!$A$6:$A$305,0))="","",INDEX('2_Participantes'!$L$6:$L$305,MATCH(A99,'2_Participantes'!$A$6:$A$305,0))),""))} | I99: =IF(A99="","",IF(AND(ISNUMBER(C99),ISNUMBER(D99),G99<>"Excluido"),1,0)) | J99: =IF(A99="","",IF(G99="No registrado","Código ausente en 2_Participantes",IF(AND(ISNUMBER(D99),NOT(ISNUMBER(C99))),"Postest sin pretest (huérfano)",IF(OR(AND(ISNUMBER(C99),OR(C99<Inicio!$C$18,C99>Inicio!$C$19)),AND(ISNUMBER(D99),OR(D99<Inicio!$C$18,D99>Inicio!$C$19))),"Fuera de rango",IF(COUNTIF($A$6:$A$305,A99)>1,"Código duplicado","OK")))))
A100: GU-TDH-104 | B100: {=IF(A100="","",IFERROR(IF(INDEX('2_Participantes'!$B$6:$B$305,MATCH(A100,'2_Participantes'!$A$6:$A$305,0))="","",INDEX('2_Participantes'!$B$6:$B$305,MATCH(A100,'2_Participantes'!$A$6:$A$305,0))),"No registrado"))} | C100: 35 | D100: 60 | E100: =IF(AND(ISNUMBER(C100),ISNUMBER(D100)),D100-C100,"") | F100: {=IF(A100="","",IFERROR(IF(INDEX('2_Participantes'!$E$6:$E$305,MATCH(A100,'2_Participantes'!$A$6:$A$305,0))="","",INDEX('2_Participantes'!$E$6:$E$305,MATCH(A100,'2_Participantes'!$A$6:$A$305,0))),""))} | G100: {=IF(A100="","",IFERROR(IF(INDEX('2_Participantes'!$F$6:$F$305,MATCH(A100,'2_Participantes'!$A$6:$A$305,0))="","",INDEX('2_Participantes'!$F$6:$F$305,MATCH(A100,'2_Participantes'!$A$6:$A$305,0))),"No registrado"))} | H100: {=IF(A100="","",IFERROR(IF(INDEX('2_Participantes'!$L$6:$L$305,MATCH(A100,'2_Participantes'!$A$6:$A$305,0))="","",INDEX('2_Participantes'!$L$6:$L$305,MATCH(A100,'2_Participantes'!$A$6:$A$305,0))),""))} | I100: =IF(A100="","",IF(AND(ISNUMBER(C100),ISNUMBER(D100),G100<>"Excluido"),1,0)) | J100: =IF(A100="","",IF(G100="No registrado","Código ausente en 2_Participantes",IF(AND(ISNUMBER(D100),NOT(ISNUMBER(C100))),"Postest sin pretest (huérfano)",IF(OR(AND(ISNUMBER(C100),OR(C100<Inicio!$C$18,C100>Inicio!$C$19)),AND(ISNUMBER(D100),OR(D100<Inicio!$C$18,D100>Inicio!$C$19))),"Fuera de rango",IF(COUNTIF($A$6:$A$305,A100)>1,"Código duplicado","OK")))))
B101: {=IF(A101="","",IFERROR(IF(INDEX('2_Participantes'!$B$6:$B$305,MATCH(A101,'2_Participantes'!$A$6:$A$305,0))="","",INDEX('2_Participantes'!$B$6:$B$305,MATCH(A101,'2_Participantes'!$A$6:$A$305,0))),"No registrado"))} | E101: =IF(AND(ISNUMBER(C101),ISNUMBER(D101)),D101-C101,"") | F101: {=IF(A101="","",IFERROR(IF(INDEX('2_Participantes'!$E$6:$E$305,MATCH(A101,'2_Participantes'!$A$6:$A$305,0))="","",INDEX('2_Participantes'!$E$6:$E$305,MATCH(A101,'2_Participantes'!$A$6:$A$305,0))),""))} | G101: {=IF(A101="","",IFERROR(IF(INDEX('2_Participantes'!$F$6:$F$305,MATCH(A101,'2_Participantes'!$A$6:$A$305,0))="","",INDEX('2_Participantes'!$F$6:$F$305,MATCH(A101,'2_Participantes'!$A$6:$A$305,0))),"No registrado"))} | H101: {=IF(A101="","",IFERROR(IF(INDEX('2_Participantes'!$L$6:$L$305,MATCH(A101,'2_Participantes'!$A$6:$A$305,0))="","",INDEX('2_Participantes'!$L$6:$L$305,MATCH(A101,'2_Participantes'!$A$6:$A$305,0))),""))} | I101: =IF(A101="","",IF(AND(ISNUMBER(C101),ISNUMBER(D101),G101<>"Excluido"),1,0)) | J101: =IF(A101="","",IF(G101="No registrado","Código ausente en 2_Participantes",IF(AND(ISNUMBER(D101),NOT(ISNUMBER(C101))),"Postest sin pretest (huérfano)",IF(OR(AND(ISNUMBER(C101),OR(C101<Inicio!$C$18,C101>Inicio!$C$19)),AND(ISNUMBER(D101),OR(D101<Inicio!$C$18,D101>Inicio!$C$19))),"Fuera de rango",IF(COUNTIF($A$6:$A$305,A101)>1,"Código duplicado","OK")))))
A102: GU-TDH-106 | B102: {=IF(A102="","",IFERROR(IF(INDEX('2_Participantes'!$B$6:$B$305,MATCH(A102,'2_Participantes'!$A$6:$A$305,0))="","",INDEX('2_Participantes'!$B$6:$B$305,MATCH(A102,'2_Participantes'!$A$6:$A$305,0))),"No registrado"))} | C102: 55 | D102: 67.5 | E102: =IF(AND(ISNUMBER(C102),ISNUMBER(D102)),D102-C102,"") | F102: {=IF(A102="","",IFERROR(IF(INDEX('2_Participantes'!$E$6:$E$305,MATCH(A102,'2_Participantes'!$A$6:$A$305,0))="","",INDEX('2_Participantes'!$E$6:$E$305,MATCH(A102,'2_Participantes'!$A$6:$A$305,0))),""))} | G102: {=IF(A102="","",IFERROR(IF(INDEX('2_Participantes'!$F$6:$F$305,MATCH(A102,'2_Participantes'!$A$6:$A$305,0))="","",INDEX('2_Participantes'!$F$6:$F$305,MATCH(A102,'2_Participantes'!$A$6:$A$305,0))),"No registrado"))} | H102: {=IF(A102="","",IFERROR(IF(INDEX('2_Participantes'!$L$6:$L$305,MATCH(A102,'2_Participantes'!$A$6:$A$305,0))="","",INDEX('2_Participantes'!$L$6:$L$305,MATCH(A102,'2_Participantes'!$A$6:$A$305,0))),""))} | I102: =IF(A102="","",IF(AND(ISNUMBER(C102),ISNUMBER(D102),G102<>"Excluido"),1,0)) | J102: =IF(A102="","",IF(G102="No registrado","Código ausente en 2_Participantes",IF(AND(ISNUMBER(D102),NOT(ISNUMBER(C102))),"Postest sin pretest (huérfano)",IF(OR(AND(ISNUMBER(C102),OR(C102<Inicio!$C$18,C102>Inicio!$C$19)),AND(ISNUMBER(D102),OR(D102<Inicio!$C$18,D102>Inicio!$C$19))),"Fuera de rango",IF(COUNTIF($A$6:$A$305,A102)>1,"Código duplicado","OK")))))
B103: {=IF(A103="","",IFERROR(IF(INDEX('2_Participantes'!$B$6:$B$305,MATCH(A103,'2_Participantes'!$A$6:$A$305,0))="","",INDEX('2_Participantes'!$B$6:$B$305,MATCH(A103,'2_Participantes'!$A$6:$A$305,0))),"No registrado"))} | E103: =IF(AND(ISNUMBER(C103),ISNUMBER(D103)),D103-C103,"") | F103: {=IF(A103="","",IFERROR(IF(INDEX('2_Participantes'!$E$6:$E$305,MATCH(A103,'2_Participantes'!$A$6:$A$305,0))="","",INDEX('2_Participantes'!$E$6:$E$305,MATCH(A103,'2_Participantes'!$A$6:$A$305,0))),""))} | G103: {=IF(A103="","",IFERROR(IF(INDEX('2_Participantes'!$F$6:$F$305,MATCH(A103,'2_Participantes'!$A$6:$A$305,0))="","",INDEX('2_Participantes'!$F$6:$F$305,MATCH(A103,'2_Participantes'!$A$6:$A$305,0))),"No registrado"))} | H103: {=IF(A103="","",IFERROR(IF(INDEX('2_Participantes'!$L$6:$L$305,MATCH(A103,'2_Participantes'!$A$6:$A$305,0))="","",INDEX('2_Participantes'!$L$6:$L$305,MATCH(A103,'2_Participantes'!$A$6:$A$305,0))),""))} | I103: =IF(A103="","",IF(AND(ISNUMBER(C103),ISNUMBER(D103),G103<>"Excluido"),1,0)) | J103: =IF(A103="","",IF(G103="No registrado","Código ausente en 2_Participantes",IF(AND(ISNUMBER(D103),NOT(ISNUMBER(C103))),"Postest sin pretest (huérfano)",IF(OR(AND(ISNUMBER(C103),OR(C103<Inicio!$C$18,C103>Inicio!$C$19)),AND(ISNUMBER(D103),OR(D103<Inicio!$C$18,D103>Inicio!$C$19))),"Fuera de rango",IF(COUNTIF($A$6:$A$305,A103)>1,"Código duplicado","OK")))))
A104: GU-TDH-108 | B104: {=IF(A104="","",IFERROR(IF(INDEX('2_Participantes'!$B$6:$B$305,MATCH(A104,'2_Participantes'!$A$6:$A$305,0))="","",INDEX('2_Participantes'!$B$6:$B$305,MATCH(A104,'2_Participantes'!$A$6:$A$305,0))),"No registrado"))} | C104: 30 | D104: 92.5 | E104: =IF(AND(ISNUMBER(C104),ISNUMBER(D104)),D104-C104,"") | F104: {=IF(A104="","",IFERROR(IF(INDEX('2_Participantes'!$E$6:$E$305,MATCH(A104,'2_Participantes'!$A$6:$A$305,0))="","",INDEX('2_Participantes'!$E$6:$E$305,MATCH(A104,'2_Participantes'!$A$6:$A$305,0))),""))} | G104: {=IF(A104="","",IFERROR(IF(INDEX('2_Participantes'!$F$6:$F$305,MATCH(A104,'2_Participantes'!$A$6:$A$305,0))="","",INDEX('2_Participantes'!$F$6:$F$305,MATCH(A104,'2_Participantes'!$A$6:$A$305,0))),"No registrado"))} | H104: {=IF(A104="","",IFERROR(IF(INDEX('2_Participantes'!$L$6:$L$305,MATCH(A104,'2_Participantes'!$A$6:$A$305,0))="","",INDEX('2_Participantes'!$L$6:$L$305,MATCH(A104,'2_Participantes'!$A$6:$A$305,0))),""))} | I104: =IF(A104="","",IF(AND(ISNUMBER(C104),ISNUMBER(D104),G104<>"Excluido"),1,0)) | J104: =IF(A104="","",IF(G104="No registrado","Código ausente en 2_Participantes",IF(AND(ISNUMBER(D104),NOT(ISNUMBER(C104))),"Postest sin pretest (huérfano)",IF(OR(AND(ISNUMBER(C104),OR(C104<Inicio!$C$18,C104>Inicio!$C$19)),AND(ISNUMBER(D104),OR(D104<Inicio!$C$18,D104>Inicio!$C$19))),"Fuera de rango",IF(COUNTIF($A$6:$A$305,A104)>1,"Código duplicado","OK")))))
A105: GU-TDH-109 | B105: {=IF(A105="","",IFERROR(IF(INDEX('2_Participantes'!$B$6:$B$305,MATCH(A105,'2_Participantes'!$A$6:$A$305,0))="","",INDEX('2_Participantes'!$B$6:$B$305,MATCH(A105,'2_Participantes'!$A$6:$A$305,0))),"No registrado"))} | C105: 82.5 | D105: 95 | E105: =IF(AND(ISNUMBER(C105),ISNUMBER(D105)),D105-C105,"") | F105: {=IF(A105="","",IFERROR(IF(INDEX('2_Participantes'!$E$6:$E$305,MATCH(A105,'2_Participantes'!$A$6:$A$305,0))="","",INDEX('2_Participantes'!$E$6:$E$305,MATCH(A105,'2_Participantes'!$A$6:$A$305,0))),""))} | G105: {=IF(A105="","",IFERROR(IF(INDEX('2_Participantes'!$F$6:$F$305,MATCH(A105,'2_Participantes'!$A$6:$A$305,0))="","",INDEX('2_Participantes'!$F$6:$F$305,MATCH(A105,'2_Participantes'!$A$6:$A$305,0))),"No registrado"))} | H105: {=IF(A105="","",IFERROR(IF(INDEX('2_Participantes'!$L$6:$L$305,MATCH(A105,'2_Participantes'!$A$6:$A$305,0))="","",INDEX('2_Participantes'!$L$6:$L$305,MATCH(A105,'2_Participantes'!$A$6:$A$305,0))),""))} | I105: =IF(A105="","",IF(AND(ISNUMBER(C105),ISNUMBER(D105),G105<>"Excluido"),1,0)) | J105: =IF(A105="","",IF(G105="No registrado","Código ausente en 2_Participantes",IF(AND(ISNUMBER(D105),NOT(ISNUMBER(C105))),"Postest sin pretest (huérfano)",IF(OR(AND(ISNUMBER(C105),OR(C105<Inicio!$C$18,C105>Inicio!$C$19)),AND(ISNUMBER(D105),OR(D105<Inicio!$C$18,D105>Inicio!$C$19))),"Fuera de rango",IF(COUNTIF($A$6:$A$305,A105)>1,"Código duplicado","OK")))))
A106: GU-TDH-110 | B106: {=IF(A106="","",IFERROR(IF(INDEX('2_Participantes'!$B$6:$B$305,MATCH(A106,'2_Participantes'!$A$6:$A$305,0))="","",INDEX('2_Participantes'!$B$6:$B$305,MATCH(A106,'2_Participantes'!$A$6:$A$305,0))),"No registrado"))} | C106: 57.5 | D106: 70 | E106: =IF(AND(ISNUMBER(C106),ISNUMBER(D106)),D106-C106,"") | F106: {=IF(A106="","",IFERROR(IF(INDEX('2_Participantes'!$E$6:$E$305,MATCH(A106,'2_Participantes'!$A$6:$A$305,0))="","",INDEX('2_Participantes'!$E$6:$E$305,MATCH(A106,'2_Participantes'!$A$6:$A$305,0))),""))} | G106: {=IF(A106="","",IFERROR(IF(INDEX('2_Participantes'!$F$6:$F$305,MATCH(A106,'2_Participantes'!$A$6:$A$305,0))="","",INDEX('2_Participantes'!$F$6:$F$305,MATCH(A106,'2_Participantes'!$A$6:$A$305,0))),"No registrado"))} | H106: {=IF(A106="","",IFERROR(IF(INDEX('2_Participantes'!$L$6:$L$305,MATCH(A106,'2_Participantes'!$A$6:$A$305,0))="","",INDEX('2_Participantes'!$L$6:$L$305,MATCH(A106,'2_Participantes'!$A$6:$A$305,0))),""))} | I106: =IF(A106="","",IF(AND(ISNUMBER(C106),ISNUMBER(D106),G106<>"Excluido"),1,0)) | J106: =IF(A106="","",IF(G106="No registrado","Código ausente en 2_Participantes",IF(AND(ISNUMBER(D106),NOT(ISNUMBER(C106))),"Postest sin pretest (huérfano)",IF(OR(AND(ISNUMBER(C106),OR(C106<Inicio!$C$18,C106>Inicio!$C$19)),AND(ISNUMBER(D106),OR(D106<Inicio!$C$18,D106>Inicio!$C$19))),"Fuera de rango",IF(COUNTIF($A$6:$A$305,A106)>1,"Código duplicado","OK")))))
A107: GU-TDH-111 | B107: {=IF(A107="","",IFERROR(IF(INDEX('2_Participantes'!$B$6:$B$305,MATCH(A107,'2_Participantes'!$A$6:$A$305,0))="","",INDEX('2_Participantes'!$B$6:$B$305,MATCH(A107,'2_Participantes'!$A$6:$A$305,0))),"No registrado"))} | C107: 47.5 | D107: 72.5 | E107: =IF(AND(ISNUMBER(C107),ISNUMBER(D107)),D107-C107,"") | F107: {=IF(A107="","",IFERROR(IF(INDEX('2_Participantes'!$E$6:$E$305,MATCH(A107,'2_Participantes'!$A$6:$A$305,0))="","",INDEX('2_Participantes'!$E$6:$E$305,MATCH(A107,'2_Participantes'!$A$6:$A$305,0))),""))} | G107: {=IF(A107="","",IFERROR(IF(INDEX('2_Participantes'!$F$6:$F$305,MATCH(A107,'2_Participantes'!$A$6:$A$305,0))="","",INDEX('2_Participantes'!$F$6:$F$305,MATCH(A107,'2_Participantes'!$A$6:$A$305,0))),"No registrado"))} | H107: {=IF(A107="","",IFERROR(IF(INDEX('2_Participantes'!$L$6:$L$305,MATCH(A107,'2_Participantes'!$A$6:$A$305,0))="","",INDEX('2_Participantes'!$L$6:$L$305,MATCH(A107,'2_Participantes'!$A$6:$A$305,0))),""))} | I107: =IF(A107="","",IF(AND(ISNUMBER(C107),ISNUMBER(D107),G107<>"Excluido"),1,0)) | J107: =IF(A107="","",IF(G107="No registrado","Código ausente en 2_Participantes",IF(AND(ISNUMBER(D107),NOT(ISNUMBER(C107))),"Postest sin pretest (huérfano)",IF(OR(AND(ISNUMBER(C107),OR(C107<Inicio!$C$18,C107>Inicio!$C$19)),AND(ISNUMBER(D107),OR(D107<Inicio!$C$18,D107>Inicio!$C$19))),"Fuera de rango",IF(COUNTIF($A$6:$A$305,A107)>1,"Código duplicado","OK")))))
A108: GU-TDH-113 | B108: {=IF(A108="","",IFERROR(IF(INDEX('2_Participantes'!$B$6:$B$305,MATCH(A108,'2_Participantes'!$A$6:$A$305,0))="","",INDEX('2_Participantes'!$B$6:$B$305,MATCH(A108,'2_Participantes'!$A$6:$A$305,0))),"No registrado"))} | C108: 37.5 | D108: 75 | E108: =IF(AND(ISNUMBER(C108),ISNUMBER(D108)),D108-C108,"") | F108: {=IF(A108="","",IFERROR(IF(INDEX('2_Participantes'!$E$6:$E$305,MATCH(A108,'2_Participantes'!$A$6:$A$305,0))="","",INDEX('2_Participantes'!$E$6:$E$305,MATCH(A108,'2_Participantes'!$A$6:$A$305,0))),""))} | G108: {=IF(A108="","",IFERROR(IF(INDEX('2_Participantes'!$F$6:$F$305,MATCH(A108,'2_Participantes'!$A$6:$A$305,0))="","",INDEX('2_Participantes'!$F$6:$F$305,MATCH(A108,'2_Participantes'!$A$6:$A$305,0))),"No registrado"))} | H108: {=IF(A108="","",IFERROR(IF(INDEX('2_Participantes'!$L$6:$L$305,MATCH(A108,'2_Participantes'!$A$6:$A$305,0))="","",INDEX('2_Participantes'!$L$6:$L$305,MATCH(A108,'2_Participantes'!$A$6:$A$305,0))),""))} | I108: =IF(A108="","",IF(AND(ISNUMBER(C108),ISNUMBER(D108),G108<>"Excluido"),1,0)) | J108: =IF(A108="","",IF(G108="No registrado","Código ausente en 2_Participantes",IF(AND(ISNUMBER(D108),NOT(ISNUMBER(C108))),"Postest sin pretest (huérfano)",IF(OR(AND(ISNUMBER(C108),OR(C108<Inicio!$C$18,C108>Inicio!$C$19)),AND(ISNUMBER(D108),OR(D108<Inicio!$C$18,D108>Inicio!$C$19))),"Fuera de rango",IF(COUNTIF($A$6:$A$305,A108)>1,"Código duplicado","OK")))))
A109: GU-TDH-114 | B109: {=IF(A109="","",IFERROR(IF(INDEX('2_Participantes'!$B$6:$B$305,MATCH(A109,'2_Participantes'!$A$6:$A$305,0))="","",INDEX('2_Participantes'!$B$6:$B$305,MATCH(A109,'2_Participantes'!$A$6:$A$305,0))),"No registrado"))} | C109: 60 | D109: 77.5 | E109: =IF(AND(ISNUMBER(C109),ISNUMBER(D109)),D109-C109,"") | F109: {=IF(A109="","",IFERROR(IF(INDEX('2_Participantes'!$E$6:$E$305,MATCH(A109,'2_Participantes'!$A$6:$A$305,0))="","",INDEX('2_Participantes'!$E$6:$E$305,MATCH(A109,'2_Participantes'!$A$6:$A$305,0))),""))} | G109: {=IF(A109="","",IFERROR(IF(INDEX('2_Participantes'!$F$6:$F$305,MATCH(A109,'2_Participantes'!$A$6:$A$305,0))="","",INDEX('2_Participantes'!$F$6:$F$305,MATCH(A109,'2_Participantes'!$A$6:$A$305,0))),"No registrado"))} | H109: {=IF(A109="","",IFERROR(IF(INDEX('2_Participantes'!$L$6:$L$305,MATCH(A109,'2_Participantes'!$A$6:$A$305,0))="","",INDEX('2_Participantes'!$L$6:$L$305,MATCH(A109,'2_Participantes'!$A$6:$A$305,0))),""))} | I109: =IF(A109="","",IF(AND(ISNUMBER(C109),ISNUMBER(D109),G109<>"Excluido"),1,0)) | J109: =IF(A109="","",IF(G109="No registrado","Código ausente en 2_Participantes",IF(AND(ISNUMBER(D109),NOT(ISNUMBER(C109))),"Postest sin pretest (huérfano)",IF(OR(AND(ISNUMBER(C109),OR(C109<Inicio!$C$18,C109>Inicio!$C$19)),AND(ISNUMBER(D109),OR(D109<Inicio!$C$18,D109>Inicio!$C$19))),"Fuera de rango",IF(COUNTIF($A$6:$A$305,A109)>1,"Código duplicado","OK")))))
A110: GU-TDH-115 | B110: {=IF(A110="","",IFERROR(IF(INDEX('2_Participantes'!$B$6:$B$305,MATCH(A110,'2_Participantes'!$A$6:$A$305,0))="","",INDEX('2_Participantes'!$B$6:$B$305,MATCH(A110,'2_Participantes'!$A$6:$A$305,0))),"No registrado"))} | C110: 57.5 | D110: 72.5 | E110: =IF(AND(ISNUMBER(C110),ISNUMBER(D110)),D110-C110,"") | F110: {=IF(A110="","",IFERROR(IF(INDEX('2_Participantes'!$E$6:$E$305,MATCH(A110,'2_Participantes'!$A$6:$A$305,0))="","",INDEX('2_Participantes'!$E$6:$E$305,MATCH(A110,'2_Participantes'!$A$6:$A$305,0))),""))} | G110: {=IF(A110="","",IFERROR(IF(INDEX('2_Participantes'!$F$6:$F$305,MATCH(A110,'2_Participantes'!$A$6:$A$305,0))="","",INDEX('2_Participantes'!$F$6:$F$305,MATCH(A110,'2_Participantes'!$A$6:$A$305,0))),"No registrado"))} | H110: {=IF(A110="","",IFERROR(IF(INDEX('2_Participantes'!$L$6:$L$305,MATCH(A110,'2_Participantes'!$A$6:$A$305,0))="","",INDEX('2_Participantes'!$L$6:$L$305,MATCH(A110,'2_Participantes'!$A$6:$A$305,0))),""))} | I110: =IF(A110="","",IF(AND(ISNUMBER(C110),ISNUMBER(D110),G110<>"Excluido"),1,0)) | J110: =IF(A110="","",IF(G110="No registrado","Código ausente en 2_Participantes",IF(AND(ISNUMBER(D110),NOT(ISNUMBER(C110))),"Postest sin pretest (huérfano)",IF(OR(AND(ISNUMBER(C110),OR(C110<Inicio!$C$18,C110>Inicio!$C$19)),AND(ISNUMBER(D110),OR(D110<Inicio!$C$18,D110>Inicio!$C$19))),"Fuera de rango",IF(COUNTIF($A$6:$A$305,A110)>1,"Código duplicado","OK")))))
A111: GU-TDH-116 | B111: {=IF(A111="","",IFERROR(IF(INDEX('2_Participantes'!$B$6:$B$305,MATCH(A111,'2_Participantes'!$A$6:$A$305,0))="","",INDEX('2_Participantes'!$B$6:$B$305,MATCH(A111,'2_Participantes'!$A$6:$A$305,0))),"No registrado"))} | C111: 77.5 | D111: 87.5 | E111: =IF(AND(ISNUMBER(C111),ISNUMBER(D111)),D111-C111,"") | F111: {=IF(A111="","",IFERROR(IF(INDEX('2_Participantes'!$E$6:$E$305,MATCH(A111,'2_Participantes'!$A$6:$A$305,0))="","",INDEX('2_Participantes'!$E$6:$E$305,MATCH(A111,'2_Participantes'!$A$6:$A$305,0))),""))} | G111: {=IF(A111="","",IFERROR(IF(INDEX('2_Participantes'!$F$6:$F$305,MATCH(A111,'2_Participantes'!$A$6:$A$305,0))="","",INDEX('2_Participantes'!$F$6:$F$305,MATCH(A111,'2_Participantes'!$A$6:$A$305,0))),"No registrado"))} | H111: {=IF(A111="","",IFERROR(IF(INDEX('2_Participantes'!$L$6:$L$305,MATCH(A111,'2_Participantes'!$A$6:$A$305,0))="","",INDEX('2_Participantes'!$L$6:$L$305,MATCH(A111,'2_Participantes'!$A$6:$A$305,0))),""))} | I111: =IF(A111="","",IF(AND(ISNUMBER(C111),ISNUMBER(D111),G111<>"Excluido"),1,0)) | J111: =IF(A111="","",IF(G111="No registrado","Código ausente en 2_Participantes",IF(AND(ISNUMBER(D111),NOT(ISNUMBER(C111))),"Postest sin pretest (huérfano)",IF(OR(AND(ISNUMBER(C111),OR(C111<Inicio!$C$18,C111>Inicio!$C$19)),AND(ISNUMBER(D111),OR(D111<Inicio!$C$18,D111>Inicio!$C$19))),"Fuera de rango",IF(COUNTIF($A$6:$A$305,A111)>1,"Código duplicado","OK")))))
A112: GU-TDH-117 | B112: {=IF(A112="","",IFERROR(IF(INDEX('2_Participantes'!$B$6:$B$305,MATCH(A112,'2_Participantes'!$A$6:$A$305,0))="","",INDEX('2_Participantes'!$B$6:$B$305,MATCH(A112,'2_Participantes'!$A$6:$A$305,0))),"No registrado"))} | C112: 72.5 | D112: 90 | E112: =IF(AND(ISNUMBER(C112),ISNUMBER(D112)),D112-C112,"") | F112: {=IF(A112="","",IFERROR(IF(INDEX('2_Participantes'!$E$6:$E$305,MATCH(A112,'2_Participantes'!$A$6:$A$305,0))="","",INDEX('2_Participantes'!$E$6:$E$305,MATCH(A112,'2_Participantes'!$A$6:$A$305,0))),""))} | G112: {=IF(A112="","",IFERROR(IF(INDEX('2_Participantes'!$F$6:$F$305,MATCH(A112,'2_Participantes'!$A$6:$A$305,0))="","",INDEX('2_Participantes'!$F$6:$F$305,MATCH(A112,'2_Participantes'!$A$6:$A$305,0))),"No registrado"))} | H112: {=IF(A112="","",IFERROR(IF(INDEX('2_Participantes'!$L$6:$L$305,MATCH(A112,'2_Participantes'!$A$6:$A$305,0))="","",INDEX('2_Participantes'!$L$6:$L$305,MATCH(A112,'2_Participantes'!$A$6:$A$305,0))),""))} | I112: =IF(A112="","",IF(AND(ISNUMBER(C112),ISNUMBER(D112),G112<>"Excluido"),1,0)) | J112: =IF(A112="","",IF(G112="No registrado","Código ausente en 2_Participantes",IF(AND(ISNUMBER(D112),NOT(ISNUMBER(C112))),"Postest sin pretest (huérfano)",IF(OR(AND(ISNUMBER(C112),OR(C112<Inicio!$C$18,C112>Inicio!$C$19)),AND(ISNUMBER(D112),OR(D112<Inicio!$C$18,D112>Inicio!$C$19))),"Fuera de rango",IF(COUNTIF($A$6:$A$305,A112)>1,"Código duplicado","OK")))))
A113: GU-TDH-118 | B113: {=IF(A113="","",IFERROR(IF(INDEX('2_Participantes'!$B$6:$B$305,MATCH(A113,'2_Participantes'!$A$6:$A$305,0))="","",INDEX('2_Participantes'!$B$6:$B$305,MATCH(A113,'2_Participantes'!$A$6:$A$305,0))),"No registrado"))} | C113: 72.5 | D113: 100 | E113: =IF(AND(ISNUMBER(C113),ISNUMBER(D113)),D113-C113,"") | F113: {=IF(A113="","",IFERROR(IF(INDEX('2_Participantes'!$E$6:$E$305,MATCH(A113,'2_Participantes'!$A$6:$A$305,0))="","",INDEX('2_Participantes'!$E$6:$E$305,MATCH(A113,'2_Participantes'!$A$6:$A$305,0))),""))} | G113: {=IF(A113="","",IFERROR(IF(INDEX('2_Participantes'!$F$6:$F$305,MATCH(A113,'2_Participantes'!$A$6:$A$305,0))="","",INDEX('2_Participantes'!$F$6:$F$305,MATCH(A113,'2_Participantes'!$A$6:$A$305,0))),"No registrado"))} | H113: {=IF(A113="","",IFERROR(IF(INDEX('2_Participantes'!$L$6:$L$305,MATCH(A113,'2_Participantes'!$A$6:$A$305,0))="","",INDEX('2_Participantes'!$L$6:$L$305,MATCH(A113,'2_Participantes'!$A$6:$A$305,0))),""))} | I113: =IF(A113="","",IF(AND(ISNUMBER(C113),ISNUMBER(D113),G113<>"Excluido"),1,0)) | J113: =IF(A113="","",IF(G113="No registrado","Código ausente en 2_Participantes",IF(AND(ISNUMBER(D113),NOT(ISNUMBER(C113))),"Postest sin pretest (huérfano)",IF(OR(AND(ISNUMBER(C113),OR(C113<Inicio!$C$18,C113>Inicio!$C$19)),AND(ISNUMBER(D113),OR(D113<Inicio!$C$18,D113>Inicio!$C$19))),"Fuera de rango",IF(COUNTIF($A$6:$A$305,A113)>1,"Código duplicado","OK")))))
A114: GU-TDH-119 | B114: {=IF(A114="","",IFERROR(IF(INDEX('2_Participantes'!$B$6:$B$305,MATCH(A114,'2_Participantes'!$A$6:$A$305,0))="","",INDEX('2_Participantes'!$B$6:$B$305,MATCH(A114,'2_Participantes'!$A$6:$A$305,0))),"No registrado"))} | C114: 70 | D114: 92.5 | E114: =IF(AND(ISNUMBER(C114),ISNUMBER(D114)),D114-C114,"") | F114: {=IF(A114="","",IFERROR(IF(INDEX('2_Participantes'!$E$6:$E$305,MATCH(A114,'2_Participantes'!$A$6:$A$305,0))="","",INDEX('2_Participantes'!$E$6:$E$305,MATCH(A114,'2_Participantes'!$A$6:$A$305,0))),""))} | G114: {=IF(A114="","",IFERROR(IF(INDEX('2_Participantes'!$F$6:$F$305,MATCH(A114,'2_Participantes'!$A$6:$A$305,0))="","",INDEX('2_Participantes'!$F$6:$F$305,MATCH(A114,'2_Participantes'!$A$6:$A$305,0))),"No registrado"))} | H114: {=IF(A114="","",IFERROR(IF(INDEX('2_Participantes'!$L$6:$L$305,MATCH(A114,'2_Participantes'!$A$6:$A$305,0))="","",INDEX('2_Participantes'!$L$6:$L$305,MATCH(A114,'2_Participantes'!$A$6:$A$305,0))),""))} | I114: =IF(A114="","",IF(AND(ISNUMBER(C114),ISNUMBER(D114),G114<>"Excluido"),1,0)) | J114: =IF(A114="","",IF(G114="No registrado","Código ausente en 2_Participantes",IF(AND(ISNUMBER(D114),NOT(ISNUMBER(C114))),"Postest sin pretest (huérfano)",IF(OR(AND(ISNUMBER(C114),OR(C114<Inicio!$C$18,C114>Inicio!$C$19)),AND(ISNUMBER(D114),OR(D114<Inicio!$C$18,D114>Inicio!$C$19))),"Fuera de rango",IF(COUNTIF($A$6:$A$305,A114)>1,"Código duplicado","OK")))))
A115: GU-TDH-120 | B115: {=IF(A115="","",IFERROR(IF(INDEX('2_Participantes'!$B$6:$B$305,MATCH(A115,'2_Participantes'!$A$6:$A$305,0))="","",INDEX('2_Participantes'!$B$6:$B$305,MATCH(A115,'2_Participantes'!$A$6:$A$305,0))),"No registrado"))} | C115: 80 | D115: 80 | E115: =IF(AND(ISNUMBER(C115),ISNUMBER(D115)),D115-C115,"") | F115: {=IF(A115="","",IFERROR(IF(INDEX('2_Participantes'!$E$6:$E$305,MATCH(A115,'2_Participantes'!$A$6:$A$305,0))="","",INDEX('2_Participantes'!$E$6:$E$305,MATCH(A115,'2_Participantes'!$A$6:$A$305,0))),""))} | G115: {=IF(A115="","",IFERROR(IF(INDEX('2_Participantes'!$F$6:$F$305,MATCH(A115,'2_Participantes'!$A$6:$A$305,0))="","",INDEX('2_Participantes'!$F$6:$F$305,MATCH(A115,'2_Participantes'!$A$6:$A$305,0))),"No registrado"))} | H115: {=IF(A115="","",IFERROR(IF(INDEX('2_Participantes'!$L$6:$L$305,MATCH(A115,'2_Participantes'!$A$6:$A$305,0))="","",INDEX('2_Participantes'!$L$6:$L$305,MATCH(A115,'2_Participantes'!$A$6:$A$305,0))),""))} | I115: =IF(A115="","",IF(AND(ISNUMBER(C115),ISNUMBER(D115),G115<>"Excluido"),1,0)) | J115: =IF(A115="","",IF(G115="No registrado","Código ausente en 2_Participantes",IF(AND(ISNUMBER(D115),NOT(ISNUMBER(C115))),"Postest sin pretest (huérfano)",IF(OR(AND(ISNUMBER(C115),OR(C115<Inicio!$C$18,C115>Inicio!$C$19)),AND(ISNUMBER(D115),OR(D115<Inicio!$C$18,D115>Inicio!$C$19))),"Fuera de rango",IF(COUNTIF($A$6:$A$305,A115)>1,"Código duplicado","OK")))))
... A119: GU-TDH-125 | B119: {=IF(A119="","",IFERROR(IF(INDEX('2_Participantes'!$B$6:$B$305,MATCH(A119,'2_Participantes'!$A$6:$A$305,0))="","",INDEX('2_Participantes'!$B$6:$B$305,MATCH(A119,'2_Participantes'!$A$6:$A$305,0))),"No registrado"))} | C119: 57.5 | D119: 70 | E119: =IF(AND(ISNUMBER(C119),ISNUMBER(D119)),D119-C119,"") | F119: {=IF(A119="","",IFERROR(IF(INDEX('2_Participantes'!$E$6:$E$305,MATCH(A119,'2_Participantes'!$A$6:$A$305,0))="","",INDEX('2_Participantes'!$E$6:$E$305,MATCH(A119,'2_Participantes'!$A$6:$A$305,0))),""))} | G119: {=IF(A119="","",IFERROR(IF(INDEX('2_Participantes'!$F$6:$F$305,MATCH(A119,'2_Participantes'!$A$6:$A$305,0))="","",INDEX('2_Participantes'!$F$6:$F$305,MATCH(A119,'2_Participantes'!$A$6:$A$305,0))),"No registrado"))} | H119: {=IF(A119="","",IFERROR(IF(INDEX('2_Participantes'!$L$6:$L$305,MATCH(A119,'2_Participantes'!$A$6:$A$305,0))="","",INDEX('2_Participantes'!$L$6:$L$305,MATCH(A119,'2_Participantes'!$A$6:$A$305,0))),""))} | I119: =IF(A119="","",IF(AND(ISNUMBER(C119),ISNUMBER(D119),G119<>"Excluido"),1,0)) | J119: =IF(A119="","",IF(G119="No registrado","Código ausente en 2_Participantes",IF(AND(ISNUMBER(D119),NOT(ISNUMBER(C119))),"Postest sin pretest (huérfano)",IF(OR(AND(ISNUMBER(C119),OR(C119<Inicio!$C$18,C119>Inicio!$C$19)),AND(ISNUMBER(D119),OR(D119<Inicio!$C$18,D119>Inicio!$C$19))),"Fuera de rango",IF(COUNTIF($A$6:$A$305,A119)>1,"Código duplicado","OK")))))

Sheet 6b_Base_Completa
A1: Paso 6 · Base completa pretest–postest de los pares analizados (todos los indicadores)
A2: Una fila por par completo (n = 103). Ítems y tareas del postest (tareas 3 y 4); puntajes del pretest tomados de la base de la Sesión 03. SUS_POST, TAM_POST, TIEMPO_POST y CLICS_POST se calculan con fórmula. TIEMPO = promedio de las dos tareas (s); CLICS = suma de las dos tareas.
A4: CODIGO | B4: GRUPO | C4: sus01_post | D4: sus02_post | E4: sus03_post | F4: sus04_post | G4: sus05_post | H4: sus06_post | I4: sus07_post | J4: sus08_post | K4: sus09_post | L4: sus10_post | M4: tam01_post | N4: tam02_post | O4: tam03_post | P4: tam04_post | Q4: tam05_post | R4: tam06_post | S4: tam07_post | T4: tam08_post | U4: t3_seg | V4: t3_clics | W4: t4_seg | X4: t4_clics | Y4: SUS_PRE | Z4: SUS_POST | AA4: TAM_PRE | AB4: TAM_POST | AC4: TIEMPO_PRE | AD4: TIEMPO_POST | AE4: CLICS_PRE | AF4: CLICS_POST | AG4: DIAS_USO | AH4: DIF_SUS | AI4: DIF_TAM | AJ4: DIF_TIEMPO | AK4: DIF_CLICS
A5: GU-TDH-002 | B5: G | C5: 5 | D5: 1 | E5: 4 | F5: 2 | G5: 5 | H5: 1 | I5: 4 | J5: 1 | K5: 5 | L5: 2 | M5: 4 | N5: 4 | O5: 4 | P5: 4 | Q5: 4 | R5: 5 | S5: 5 | T5: 4 | U5: 68 | V5: 4 | W5: 58 | X5: 4 | Y5: 75 | Z5: =2.5*((C5-1)+(5-D5)+(E5-1)+(5-F5)+(G5-1)+(5-H5)+(I5-1)+(5-J5)+(K5-1)+(5-L5)) | AA5: 28 | AB5: =SUM(M5:T5) | AC5: 170.5 | AD5: =AVERAGE(U5,W5) | AE5: 19 | AF5: =V5+X5 | AG5: 4 | AH5: =Z5-Y5 | AI5: =AB5-AA5 | AJ5: =AD5-AC5 | AK5: =AF5-AE5
A6: GU-TDH-003 | B6: G | C6: 4 | D6: 3 | E6: 4 | F6: 2 | G6: 3 | H6: 1 | I6: 4 | J6: 2 | K6: 4 | L6: 1 | M6: 4 | N6: 3 | O6: 4 | P6: 3 | Q6: 4 | R6: 4 | S6: 3 | T6: 3 | U6: 85 | V6: 7 | W6: 99 | X6: 6 | Y6: 55 | Z6: =2.5*((C6-1)+(5-D6)+(E6-1)+(5-F6)+(G6-1)+(5-H6)+(I6-1)+(5-J6)+(K6-1)+(5-L6)) | AA6: 19 | AB6: =SUM(M6:T6) | AC6: 225.5 | AD6: =AVERAGE(U6,W6) | AE6: 25 | AF6: =V6+X6 | AG6: 3 | AH6: =Z6-Y6 | AI6: =AB6-AA6 | AJ6: =AD6-AC6 | AK6: =AF6-AE6
A7: GU-TDH-004 | B7: G | C7: 4 | D7: 3 | E7: 4 | F7: 3 | G7: 5 | H7: 3 | I7: 4 | J7: 3 | K7: 4 | L7: 2 | M7: 4 | N7: 3 | O7: 4 | P7: 3 | Q7: 3 | R7: 3 | S7: 4 | T7: 4 | U7: 95 | V7: 8 | W7: 67 | X7: 6 | Y7: 42.5 | Z7: =2.5*((C7-1)+(5-D7)+(E7-1)+(5-F7)+(G7-1)+(5-H7)+(I7-1)+(5-J7)+(K7-1)+(5-L7)) | AA7: 16 | AB7: =SUM(M7:T7) | AC7: 230.5 | AD7: =AVERAGE(U7,W7) | AE7: 23 | AF7: =V7+X7 | AG7: 3 | AH7: =Z7-Y7 | AI7: =AB7-AA7 | AJ7: =AD7-AC7 | AK7: =AF7-AE7
A8: GU-TDH-007 | B8: G | C8: 4 | D8: 2 | E8: 5 | F8: 1 | G8: 4 | H8: 2 | I8: 5 | J8: 2 | K8: 4 | L8: 1 | M8: 4 | N8: 4 | O8: 4 | P8: 5 | Q8: 4 | R8: 4 | S8: 4 | T8: 4 | U8: 103 | V8: 6 | W8: 52 | X8: 5 | Y8: 55 | Z8: =2.5*((C8-1)+(5-D8)+(E8-1)+(5-F8)+(G8-1)+(5-H8)+(I8-1)+(5-J8)+(K8-1)+(5-L8)) | AA8: 20 | AB8: =SUM(M8:T8) | AC8: 166.5 | AD8: =AVERAGE(U8,W8) | AE8: 11 | AF8: =V8+X8 | AG8: 3 | AH8: =Z8-Y8 | AI8: =AB8-AA8 | AJ8: =AD8-AC8 | AK8: =AF8-AE8
A9: GU-TDH-008 | B9: G | C9: 4 | D9: 3 | E9: 4 | F9: 4 | G9: 3 | H9: 4 | I9: 3 | J9: 3 | K9: 2 | L9: 2 | M9: 3 | N9: 4 | O9: 4 | P9: 4 | Q9: 4 | R9: 4 | S9: 3 | T9: 4 | U9: 96 | V9: 8 | W9: 93 | X9: 7 | Y9: 40 | Z9: =2.5*((C9-1)+(5-D9)+(E9-1)+(5-F9)+(G9-1)+(5-H9)+(I9-1)+(5-J9)+(K9-1)+(5-L9)) | AA9: 13 | AB9: =SUM(M9:T9) | AC9: 283 | AD9: =AVERAGE(U9,W9) | AE9: 29 | AF9: =V9+X9 | AG9: 4 | AH9: =Z9-Y9 | AI9: =AB9-AA9 | AJ9: =AD9-AC9 | AK9: =AF9-AE9
A10: GU-TDH-009 | B10: G | C10: 3 | D10: 3 | E10: 4 | F10: 2 | G10: 4 | H10: 2 | I10: 4 | J10: 2 | K10: 3 | L10: 3 | M10: 3 | N10: 3 | O10: 3 | P10: 4 | Q10: 4 | R10: 5 | S10: 4 | T10: 3 | U10: 112 | V10: 7 | W10: 83 | X10: 5 | Y10: 50 | Z10: =2.5*((C10-1)+(5-D10)+(E10-1)+(5-F10)+(G10-1)+(5-H10)+(I10-1)+(5-J10)+(K10-1)+(5-L10)) | AA10: 21 | AB10: =SUM(M10:T10) | AC10: 252.5 | AD10: =AVERAGE(U10,W10) | AE10: 28 | AF10: =V10+X10 | AG10: 6 | AH10: =Z10-Y10 | AI10: =AB10-AA10 | AJ10: =AD10-AC10 | AK10: =AF10-AE10
A11: GU-TDH-010 | B11: G | C11: 5 | D11: 2 | E11: 4 | F11: 1 | G11: 5 | H11: 2 | I11: 5 | J11: 2 | K11: 5 | L11: 1 | M11: 5 | N11: 5 | O11: 5 | P11: 5 | Q11: 5 | R11: 5 | S11: 5 | T11: 5 | U11: 33 | V11: 2 | W11: 46 | X11: 4 | Y11: 80 | Z11: =2.5*((C11-1)+(5-D11)+(E11-1)+(5-F11)+(G11-1)+(5-H11)+(I11-1)+(5-J11)+(K11-1)+(5-L11)) | AA11: 34 | AB11: =SUM(M11:T11) | AC11: 98 | AD11: =AVERAGE(U11,W11) | AE11: 11 | AF11: =V11+X11 | AG11: 4 | AH11: =Z11-Y11 | AI11: =AB11-AA11 | AJ11: =AD11-AC11 | AK11: =AF11-AE11
A12: GU-TDH-011 | B12: G | C12: 3 | D12: 1 | E12: 4 | F12: 3 | G12: 4 | H12: 1 | I12: 3 | J12: 2 | K12: 3 | L12: 3 | M12: 5 | N12: 4 | O12: 5 | P12: 5 | Q12: 5 | R12: 5 | S12: 4 | T12: 4 | U12: 79 | V12: 7 | W12: 47 | X12: 4 | Y12: 30 | Z12: =2.5*((C12-1)+(5-D12)+(E12-1)+(5-F12)+(G12-1)+(5-H12)+(I12-1)+(5-J12)+(K12-1)+(5-L12)) | AA12: 25 | AB12: =SUM(M12:T12) | AC12: 258 | AD12: =AVERAGE(U12,W12) | AE12: 27 | AF12: =V12+X12 | AG12: 2 | AH12: =Z12-Y12 | AI12: =AB12-AA12 | AJ12: =AD12-AC12 | AK12: =AF12-AE12
A13: GU-TDH-012 | B13: G | C13: 4 | D13: 1 | E13: 4 | F13: 2 | G13: 5 | H13: 2 | I13: 4 | J13: 2 | K13: 4 | L13: 2 | M13: 3 | N13: 4 | O13: 3 | P13: 4 | Q13: 2 | R13: 4 | S13: 4 | T13: 3 | U13: 105 | V13: 6 | W13: 94 | X13: 7 | Y13: 65 | Z13: =2.5*((C13-1)+(5-D13)+(E13-1)+(5-F13)+(G13-1)+(5-H13)+(I13-1)+(5-J13)+(K13-1)+(5-L13)) | AA13: 19 | AB13: =SUM(M13:T13) | AC13: 170.5 | AD13: =AVERAGE(U13,W13) | AE13: 23 | AF13: =V13+X13 | AG13: 7 | AH13: =Z13-Y13 | AI13: =AB13-AA13 | AJ13: =AD13-AC13 | AK13: =AF13-AE13
A14: GU-TDH-014 | B14: G | C14: 4 | D14: 3 | E14: 3 | F14: 2 | G14: 4 | H14: 2 | I14: 3 | J14: 1 | K14: 3 | L14: 3 | M14: 4 | N14: 5 | O14: 4 | P14: 5 | Q14: 5 | R14: 5 | S14: 4 | T14: 4 | U14: 56 | V14: 3 | W14: 47 | X14: 3 | Y14: 55 | Z14: =2.5*((C14-1)+(5-D14)+(E14-1)+(5-F14)+(G14-1)+(5-H14)+(I14-1)+(5-J14)+(K14-1)+(5-L14)) | AA14: 30 | AB14: =SUM(M14:T14) | AC14: 135.5 | AD14: =AVERAGE(U14,W14) | AE14: 11 | AF14: =V14+X14 | AG14: 3 | AH14: =Z14-Y14 | AI14: =AB14-AA14 | AJ14: =AD14-AC14 | AK14: =AF14-AE14
A15: GU-TDH-015 | B15: G | C15: 4 | D15: 2 | E15: 5 | F15: 1 | G15: 4 | H15: 1 | I15: 5 | J15: 2 | K15: 3 | L15: 2 | M15: 4 | N15: 4 | O15: 5 | P15: 4 | Q15: 4 | R15: 5 | S15: 3 | T15: 4 | U15: 81 | V15: 6 | W15: 88 | X15: 6 | Y15: 72.5 | Z15: =2.5*((C15-1)+(5-D15)+(E15-1)+(5-F15)+(G15-1)+(5-H15)+(I15-1)+(5-J15)+(K15-1)+(5-L15)) | AA15: 26 | AB15: =SUM(M15:T15) | AC15: 196 | AD15: =AVERAGE(U15,W15) | AE15: 23 | AF15: =V15+X15 | AG15: 7 | AH15: =Z15-Y15 | AI15: =AB15-AA15 | AJ15: =AD15-AC15 | AK15: =AF15-AE15
A16: GU-TDH-016 | B16: G | C16: 3 | D16: 2 | E16: 5 | F16: 2 | G16: 5 | H16: 2 | I16: 4 | J16: 1 | K16: 5 | L16: 2 | M16: 3 | N16: 3 | O16: 3 | P16: 3 | Q16: 4 | R16: 2 | S16: 3 | T16: 3 | U16: 88 | V16: 5 | W16: 42 | X16: 1 | Y16: 42.5 | Z16: =2.5*((C16-1)+(5-D16)+(E16-1)+(5-F16)+(G16-1)+(5-H16)+(I16-1)+(5-J16)+(K16-1)+(5-L16)) | AA16: 10 | AB16: =SUM(M16:T16) | AC16: 174.5 | AD16: =AVERAGE(U16,W16) | AE16: 21 | AF16: =V16+X16 | AG16: 3 | AH16: =Z16-Y16 | AI16: =AB16-AA16 | AJ16: =AD16-AC16 | AK16: =AF16-AE16
... A107: GU-TDH-125 | B107: G | C107: 3 | D107: 2 | E107: 4 | F107: 2 | G107: 3 | H107: 2 | I107: 4 | J107: 3 | K107: 4 | L107: 1 | M107: 5 | N107: 5 | O107: 5 | P107: 5 | Q107: 4 | R107: 5 | S107: 4 | T107: 5 | U107: 86 | V107: 5 | W107: 102 | X107: 8 | Y107: 57.5 | Z107: =2.5*((C107-1)+(5-D107)+(E107-1)+(5-F107)+(G107-1)+(5-H107)+(I107-1)+(5-J107)+(K107-1)+(5-L107)) | AA107: 21 | AB107: =SUM(M107:T107) | AC107: 253 | AD107: =AVERAGE(U107,W107) | AE107: 26 | AF107: =V107+X107 | AG107: 6 | AH107: =Z107-Y107 | AI107: =AB107-AA107 | AJ107: =AD107-AC107 | AK107: =AF107-AE107
A109: Resumen
A110: Indicador | B110: Media pretest | C110: Media postest | D110: Diferencia | E110: DE de la diferencia
A111: Usabilidad (SUS) | B111: =AVERAGE(Y5:Y107) | C111: =AVERAGE(Z5:Z107) | D111: =C111-B111 | E111: =STDEV(AH5:AH107)
A112: Satisfacción (8–40) | B112: =AVERAGE(AA5:AA107) | C112: =AVERAGE(AB5:AB107) | D112: =C112-B112 | E112: =STDEV(AI5:AI107)
A113: Tiempo de búsqueda (s) | B113: =AVERAGE(AC5:AC107) | C113: =AVERAGE(AD5:AD107) | D113: =C113-B113 | E113: =STDEV(AJ5:AJ107)
A114: Clics por búsqueda (total) | B114: =AVERAGE(AE5:AE107) | C114: =AVERAGE(AF5:AF107) | D114: =C114-B114 | E114: =STDEV(AK5:AK107)
A116: Para la prueba de hipótesis: calcule la diferencia POST − PRE por indicador, verifique su normalidad con Kolmogorov-Smirnov (n ≥ 50) y aplique t de Student para muestras relacionadas o Wilcoxon según corresponda (PDT §3.6).

Sheet 7_ListaCotejo
A1: Paso 4 · Lista de cotejo de aplicación del postest
A2: Marque Sí, No o N. A. en cada ítem y anote la evidencia. Cada «No» exige una incidencia registrada en 5_Incidencias.
B4: Fecha y hora de aplicación | C4: 26/10/2026 al 31/10/2026 · franjas 10:00–13:00 y 16:00–19:00
B5: Lugar y grupo | C5: Virtual, dispositivo propio del participante · G (grupo único)
B6: Aplicador u observador | C6: Marcel Trujillo Ávila (tesista) y Alejandro Godoy Condezo (aplicador de apoyo)
B7: Instrumento y versión | C7: Cuestionario SUS, cuestionario de satisfacción y ficha de tiempos y clics (versión validada)
A9: N.º | B9: Condición verificada | C9: Cumple (Sí / No / N. A.) | D9: Evidencia u observación
A10: 1 | B10: Periodo de intervención verificado (programado frente a ejecutado). | C10: Sí | D10: Hoja 1_Periodo: 19/10 al 25/10/2026; adherencia y fidelidad sobre el umbral.
A11: 2 | B11: Participación final confirmada por código. | C11: Sí | D11: Hoja 2_Participantes: 103 confirmados o reprogramados; 5 pérdidas registradas.
A12: 3 | B12: Instrumento idéntico al del pretest (misma versión). | C12: Sí | D12: Mismos cuestionarios y misma versión del módulo (hoja 4_Equivalencia).
A13: 4 | B13: Guion de instrucciones idéntico, leído textualmente. | C13: Sí | D13: Guion de la Sesión 02 leído textualmente en todas las sesiones.
A14: 5 | B14: Mismo aplicador u observador, o calibración documentada. | C14: Sí | D14: Mismos dos aplicadores del pretest.
A15: 6 | B15: Mismo lugar, mismos días y misma franja horaria. | C15: Sí | D15: Mismo tipo de dispositivo, mismo día de la semana y misma franja (1 excepción registrada).
A16: 7 | B16: Códigos verificados antes de entregar el instrumento. | C16: Sí | D16: El módulo valida el código GU-TDH-### antes de habilitar las tareas.
A17: 8 | B17: Tiempo y condiciones de aplicación controlados. | C17: Sí | D17: Tope de 300 s por tarea controlado por el cronómetro del módulo.
A18: 9 | B18: Completitud verificada al recoger cada instrumento. | C18: Sí | D18: El módulo no permite enviar cuestionarios incompletos.
A19: 10 | B19: Ausencias y pérdidas registradas con fecha y motivo. | C19: Sí | D19: 5 pérdidas registradas con fecha y motivo (hoja 5_Incidencias).
A20: 11 | B20: Incidencias registradas y tratadas el mismo día. | C20: Sí | D20: Incidencias registradas y tratadas el mismo día (hoja 5_Incidencias).
A21: 12 | B21: Datos resguardados (cifrado y respaldo) el mismo día. | C21: Sí | D21: Exportación cifrada diaria y respaldo en una segunda ubicación.
B23: Ítems cumplidos (Sí o N. A. justificado) | C23: =COUNTIF(C10:C21,"Sí")+COUNTIF(C10:C21,"N. A.")&" de 12"
B24: Resultado | C24: =IF(COUNTIF(C10:C21,"Sí")+COUNTIF(C10:C21,"N. A.")=12,"Aplicación equivalente",IF(COUNTIF(C10:C21,"Sí")+COUNTIF(C10:C21,"N. A.")>=10,"Equivalente con observaciones registradas","Revisar con el asesor antes de analizar los datos"))

Sheet 8_Acta
A1: Paso 6 · Acta de cierre de la intervención
A2: Los campos en verde se completan automáticamente con las demás hojas; los amarillos se llenan antes de firmar. Imprimir y firmar antes de aplicar el postest.
B4: Acta N.º | C4: 001-2026
B5: Fecha, hora y lugar | C5: 25/10/2026 · 19:30 · Reunión virtual con la Gerencia de Tu Diario Huánuco
B6: Título de la tesis | C6: =Inicio!C5
B7: Tesista y asesor(a) | C7: =Inicio!C6&" · Asesor(a): "&Inicio!C7
B8: Institución | C8: =Inicio!C8
B9: Diseño y grupos | C9: =Inicio!C9
B10: Solución tecnológica y versión final (congelada) | C10: Aplicación multiplataforma de búsqueda semántica conversacional (chat.tudiariohuanuco.pe)
B11: Periodo real de la intervención | C11: =IF(OR('1_Periodo'!D6="",'1_Periodo'!D7=""),"",TEXT('1_Periodo'!D6,"dd/mm/yyyy")&" al "&TEXT('1_Periodo'!D7,"dd/mm/yyyy")&" ("&'1_Periodo'!D8&" semanas)")
B12: Dosis ejecutada | C12: =IF('1_Periodo'!D11="","",'1_Periodo'!D11&" de "&'1_Periodo'!C11&" días-usuario · frecuencia promedio "&TEXT('1_Periodo'!D10,"0.0")&" días por semana · intensidad "&TEXT('1_Periodo'!D12,"0%"))
B13: Adherencia acumulada | C13: =IF('1_Periodo'!D13="","",TEXT('1_Periodo'!D13,"0.0%")&" (umbral "&TEXT('1_Periodo'!C13,"0%")&": "&'1_Periodo'!E13&")")
B14: Fidelidad de implementación | C14: =IF('1_Periodo'!C38="","",TEXT('1_Periodo'!C38,"0.0%")&" (umbral "&TEXT('1_Periodo'!C39,"0%")&": "&'1_Periodo'!C40&")")
B15: Participantes al inicio y al cierre | C15: ="G: "&'3_Mortalidad'!B8&" con pretest → "&('3_Mortalidad'!B8-'3_Mortalidad'!C8-'3_Mortalidad'!D8)&" activos al cierre (retiros: "&'3_Mortalidad'!C8&"; excluidos en la depuración: "&'3_Mortalidad'!D8&")"
B16: Desviaciones registradas y acciones correctivas | C16: Tres retiros sin postest (GU-TDH-015, GU-TDH-033 y GU-TDH-053). El SUS del postest es simulado y no es la medición de campo de O2.
B17: Postest previsto (fechas y condiciones) | C17: ="Del "&TEXT(Inicio!C20,"dd/mm/yyyy")&" al "&TEXT(Inicio!C21,"dd/mm/yyyy")&" con "&Inicio!C12&", en las mismas condiciones del pretest (ventana de "&Inicio!C17&" días hábiles)"
B18: Estado posterior de la solución | C18: Continúa en producción
B19: Custodia y confidencialidad de los datos | C19: Base cifrada en Supabase; libro de códigos separado y con contraseña; copia diaria cifrada en una segunda ubicación.
B20: Decisión de cierre | C20: ='1_Periodo'!C46
B21: Firmas
B23: Las fechas de la hoja 1_Periodo y los conteos de 3_Mortalidad alimentan esta acta; si cambian los registros, el acta se actualiza sola.

Sheet Diccionario
A1: Diccionario de variables de la base consolidada
A2: Actualice nombres, escalas y códigos de dato perdido según su tesis. La estructura es la misma del pretest (semana 3) con el sufijo _POST para la medición final.
A4: Variable | B4: Descripción | C4: Escala de medición | D4: Valores o codificación | E4: Código de dato perdido | F4: Fuente
A5: CODIGO | B5: Código único del participante (nunca nombre ni DNI). | C5: Nominal | D5: GU-TDH-001…GU-TDH-126 | E5: — | F5: Libro de códigos (separado y con contraseña)
A6: GRUPO | B6: Grupo al que pertenece el participante. | C6: Nominal | D6: G = grupo único | E6: — | F6: Protocolo de ejecución
A7: VD_PRE | B7: Puntaje SUS de usabilidad percibida en el pretest (portal actual). | C7: Intervalo | D7: 0 a 100 | E7: No se usa: el caso incompleto se elimina | F7: Cuestionario SUS (12–17/10/2026); base de la Sesión 03
A8: VD_POST | B8: Puntaje SUS simulado del postest. No es la medición de campo de O2. Se conserva para el cuaderno del seminario. | C8: Intervalo | D8: 0 a 100 | E8: No se usa: el caso incompleto se elimina | F8: Simulación a partir del pretest. No es O2 de campo. Ventana prevista 26–31/10/2026.
A9: DIF | B9: Diferencia VD_POST − VD_PRE (valores positivos = mejora de la usabilidad). | C9: Intervalo | D9: Calculada | E9: — | F9: Fórmula
A10: ADH | B10: Adherencia individual: días con uso efectivo (máx. 3) ÷ 3 × 100. | C10: Razón | D10: 0 a 100 | E10: — | F10: Telemetría de la aplicación
A11: ESTADO | B11: Situación del participante al cierre. | C11: Nominal | D11: Activo; Retirado; Excluido | E11: — | F11: Registro de participación final
A12: FECHA_POST | B12: Fecha de aplicación del postest. | C12: Fecha | D12: dd/mm/aaaa | E12: — | F12: Acta de aplicación del postest
A13: PAR_COMPLETO | B13: 1 = tiene pretest y postest y no está excluido; 0 = no analizable. | C13: Dicotómica | D13: 0; 1 | E13: — | F13: Fórmula
A14: sus01_post…sus10_post | B14: Ítems del SUS en el postest (hoja 6b). | C14: Ordinal | D14: 1 a 5; ítems pares inversos | E14: — | F14: Cuestionario SUS
A15: tam01_post…tam08_post | B15: Ítems del cuestionario de satisfacción en el postest (hoja 6b). | C15: Ordinal | D15: 1 a 5 | E15: — | F15: Cuestionario de satisfacción
... A22: DIF_SUS…DIF_CLICS | B22: Diferencia POST − PRE de cada indicador (entrada para K-S y t de Student o Wilcoxon). | C22: Intervalo / Razón | D22: Calculada | E22: — | F22: Fórmula

Sheet Listas
A1: Grupo | B1: SiNo | C1: Estado | D1: Motivo | E1: Confirmacion | F1: TipoIncidencia | G1: Fase | H1: EstadoIncidencia | I1: Diseno | J1: EstadoSolucion | K1: SiNoNA
A2: GE | B2: Sí | C2: Activo | D2: Renuncia | E2: Confirmado | F2: Técnica | G2: Cierre | H2: Resuelta | I2: Preexperimental (G: O₁ X O₂) | J2: Continúa en producción | K2: Sí
A3: GC | B3: No | C3: Retirado | D3: Licencia | E3: Reprogramado | F3: Metodológica | G3: Postest | H3: En curso | I3: Cuasiexperimental (GE: O₁ X O₂ / GC: O₁ — O₂) | J3: Se retira | K3: No
A4: G | C4: Excluido | D4: Rotación o cambio de sede | E4: Pérdida muestral | F4: Ética | H4: Cerrada con limitación | J4: Se transfiere a la institución | K4: N. A.
D5: Retiro de consentimiento | F5: Logística
D6: Inasistencia fuera de la ventana | F6: Pérdida muestral
D7: Registro inutilizable
D8: Otro
